review_id,owner,purpose,cell_id,window_month,representative_event_id,representative_timestamp_utc,latitude,longitude,first_detection_utc,last_detection_utc,observation_count,active_dates,frp_median_mw,frp_max_mw,worldview_url,osm_url,source_product,source_archive,review_status,label,evidence_url,evidence_date,evidence_kind,confidence,notes,reviewed_by,reviewed_at_utc
RV1-0003,DeepaliSingh10,development_only,427_1937,2025-04,firms-95ba9a4362df9eac0504b9d2,2025-04-02T07:34:00+00:00,21.39828,96.88399,2025-04-02T07:34:00+00:00,2025-04-02T07:34:00+00:00,1,1,4.5,4.5,"https://worldview.earthdata.nasa.gov/?v=96.84399,21.37828,96.92399,21.41828&l=Reference_Labels_15m(hidden),DoS_International_Boundaries(hidden),Coastlines_15m,VIIRS_SNPP_Thermal_Anomalies_375m_All,OCI_PACE_True_Color(hidden),VIIRS_NOAA21_CorrectedReflectance_TrueColor(hidden),VIIRS_NOAA20_CorrectedReflectance_TrueColor(hidden),VIIRS_SNPP_CorrectedReflectance_TrueColor&lg=true&t=2025-04-02-T00%3A00%3A00Z",https://www.openstreetmap.org/?mlat=21.39828&mlon=96.88399#map=14/21.39828/96.88399,VIIRS_SNPP_SP,firms-snpp-2025-v1,pending,,,,,,,,
RV1-0009,DeepaliSingh10,development_only,511_1375,2024-04,firms-0d2d3abe5848f4c6deabc4af,2024-04-01T08:39:00+00:00,25.58249,68.79984,2024-04-01T08:39:00+00:00,2024-04-01T08:39:00+00:00,1,1,2.54,2.54,"https://worldview.earthdata.nasa.gov/?v=68.75984,25.56249,68.83984,25.60249&l=Reference_Labels_15m(hidden),DoS_International_Boundaries(hidden),Coastlines_15m,VIIRS_SNPP_Thermal_Anomalies_375m_All,OCI_PACE_True_Color(hidden),VIIRS_NOAA21_CorrectedReflectance_TrueColor(hidden),VIIRS_NOAA20_CorrectedReflectance_TrueColor(hidden),VIIRS_SNPP_CorrectedReflectance_TrueColor&lg=true&t=2024-04-01-T00%3A00%3A00Z",https://www.openstreetmap.org/?mlat=25.58249&mlon=68.79984#map=14/25.58249/68.79984,VIIRS_SNPP_SP,firms-snpp-2024-v1,pending,,,,,,,,
RV1-0015,DeepaliSingh10,development_only,312_1543,2024-12,firms-8d97ecd9e147048068390302,2024-12-15T07:58:00+00:00,15.61404,77.16683,2024-12-15T07:58:00+00:00,2024-12-15T07:58:00+00:00,1,1,1.85,1.85,"https://worldview.earthdata.nasa.gov/?v=77.12683,15.59404,77.20683,15.63404&l=Reference_Labels_15m(hidden),DoS_International_Boundaries(hidden),Coastlines_15m,VIIRS_SNPP_Thermal_Anomalies_375m_All,OCI_PACE_True_Color(hidden),VIIRS_NOAA21_CorrectedReflectance_TrueColor(hidden),VIIRS_NOAA20_CorrectedReflectance_TrueColor(hidden),VIIRS_SNPP_CorrectedReflectance_TrueColor&lg=true&t=2024-12-15-T00%3A00%3A00Z",https://www.openstreetmap.org/?mlat=15.61404&mlon=77.16683#map=14/15.61404/77.16683,VIIRS_SNPP_SP,firms-snpp-2024-v1,pending,,,,,,,,
RV1-0021,DeepaliSingh10,development_only,498_1508,2025-03,firms-c9220f41b1d552abe6e2c41a,2025-03-28T07:29:00+00:00,24.90137,75.41586,2025-03-21T08:01:00+00:00,2025-03-29T08:51:00+00:00,6,3,3.2,6.59,"https://worldview.earthdata.nasa.gov/?v=75.37586,24.88137,75.45586,24.92137&l=Reference_Labels_15m(hidden),DoS_International_Boundaries(hidden),Coastlines_15m,VIIRS_SNPP_Thermal_Anomalies_375m_All,OCI_PACE_True_Color(hidden),VIIRS_NOAA21_CorrectedReflectance_TrueColor(hidden),VIIRS_NOAA20_CorrectedReflectance_TrueColor(hidden),VIIRS_SNPP_CorrectedReflectance_TrueColor&lg=true&t=2025-03-28-T00%3A00%3A00Z",https://www.openstreetmap.org/?mlat=24.90137&mlon=75.41586#map=14/24.90137/75.41586,VIIRS_SNPP_SP,firms-snpp-2025-v1,pending,,,,,,,,
RV1-0027,DeepaliSingh10,development_only,525_1616,2024-04,firms-77c5cf1bffa389a53023d6e6,2024-04-08T08:08:00+00:00,26.29312,80.83121,2024-04-08T08:08:00+00:00,2024-04-08T08:08:00+00:00,1,1,16.12,16.12,"https://worldview.earthdata.nasa.gov/?v=80.79121,26.27312,80.87121,26.31312&l=Reference_Labels_15m(hidden),DoS_International_Boundaries(hidden),Coastlines_15m,VIIRS_SNPP_Thermal_Anomalies_375m_All,OCI_PACE_True_Color(hidden),VIIRS_NOAA21_CorrectedReflectance_TrueColor(hidden),VIIRS_NOAA20_CorrectedReflectance_TrueColor(hidden),VIIRS_SNPP_CorrectedReflectance_TrueColor&lg=true&t=2024-04-08-T00%3A00%3A00Z",https://www.openstreetmap.org/?mlat=26.29312&mlon=80.83121#map=14/26.29312/80.83121,VIIRS_SNPP_SP,firms-snpp-2024-v1,pending,,,,,,,,
RV1-0033,DeepaliSingh10,development_only,560_1906,2024-01,firms-9110d02b487e87464c422785,2024-01-12T06:58:00+00:00,28.0345,95.34606,2024-01-07T06:52:00+00:00,2024-01-12T06:58:00+00:00,4,2,5.845000000000001,5.87,"https://worldview.earthdata.nasa.gov/?v=95.30606,28.01450,95.38606,28.05450&l=Reference_Labels_15m(hidden),DoS_International_Boundaries(hidden),Coastlines_15m,VIIRS_SNPP_Thermal_Anomalies_375m_All,OCI_PACE_True_Color(hidden),VIIRS_NOAA21_CorrectedReflectance_TrueColor(hidden),VIIRS_NOAA20_CorrectedReflectance_TrueColor(hidden),VIIRS_SNPP_CorrectedReflectance_TrueColor&lg=true&t=2024-01-12-T00%3A00%3A00Z",https://www.openstreetmap.org/?mlat=28.03450&mlon=95.34606#map=14/28.03450/95.34606,VIIRS_SNPP_SP,firms-snpp-2024-v1,pending,,,,,,,,
RV1-0039,DeepaliSingh10,development_only,440_1560,2024-04,firms-f0cd38cf42e97dbe79285d83,2024-04-04T07:41:00+00:00,22.01428,78.0461,2024-04-03T20:29:00+00:00,2024-04-08T08:06:00+00:00,9,3,3.77,13.15,"https://worldview.earthdata.nasa.gov/?v=78.00610,21.99428,78.08610,22.03428&l=Reference_Labels_15m(hidden),DoS_International_Boundaries(hidden),Coastlines_15m,VIIRS_SNPP_Thermal_Anomalies_375m_All,OCI_PACE_True_Color(hidden),VIIRS_NOAA21_CorrectedReflectance_TrueColor(hidden),VIIRS_NOAA20_CorrectedReflectance_TrueColor(hidden),VIIRS_SNPP_CorrectedReflectance_TrueColor&lg=true&t=2024-04-04-T00%3A00%3A00Z",https://www.openstreetmap.org/?mlat=22.01428&mlon=78.04610#map=14/22.01428/78.04610,VIIRS_SNPP_SP,firms-snpp-2024-v1,pending,,,,,,,,
RV1-0045,DeepaliSingh10,development_only,567_1533,2025-04,firms-c50c43e88008416da6151b00,2025-04-18T07:37:00+00:00,28.39142,76.66943,2025-04-02T07:37:00+00:00,2025-04-21T20:46:00+00:00,4,4,3.8,4.49,"https://worldview.earthdata.nasa.gov/?v=76.62943,28.37142,76.70943,28.41142&l=Reference_Labels_15m(hidden),DoS_International_Boundaries(hidden),Coastlines_15m,VIIRS_SNPP_Thermal_Anomalies_375m_All,OCI_PACE_True_Color(hidden),VIIRS_NOAA21_CorrectedReflectance_TrueColor(hidden),VIIRS_NOAA20_CorrectedReflectance_TrueColor(hidden),VIIRS_SNPP_CorrectedReflectance_TrueColor&lg=true&t=2025-04-18-T00%3A00%3A00Z",https://www.openstreetmap.org/?mlat=28.39142&mlon=76.66943#map=14/28.39142/76.66943,VIIRS_SNPP_SP,firms-snpp-2025-v1,pending,,,,,,,,
RV1-0051,DeepaliSingh10,development_only,488_1660,2025-02,firms-ac0a4551ad52046f770e0105,2025-02-17T20:28:00+00:00,24.44807,83.03895,2025-02-05T20:53:00+00:00,2025-02-28T20:22:00+00:00,8,8,0.865,1.07,"https://worldview.earthdata.nasa.gov/?v=82.99895,24.42807,83.07895,24.46807&l=Reference_Labels_15m(hidden),DoS_International_Boundaries(hidden),Coastlines_15m,VIIRS_SNPP_Thermal_Anomalies_375m_All,OCI_PACE_True_Color(hidden),VIIRS_NOAA21_CorrectedReflectance_TrueColor(hidden),VIIRS_NOAA20_CorrectedReflectance_TrueColor(hidden),VIIRS_SNPP_CorrectedReflectance_TrueColor&lg=true&t=2025-02-17-T00%3A00%3A00Z",https://www.openstreetmap.org/?mlat=24.44807&mlon=83.03895#map=14/24.44807/83.03895,VIIRS_SNPP_SP,firms-snpp-2025-v1,pending,,,,,,,,
RV1-0057,DeepaliSingh10,development_only,661_1516,2024-12,firms-0de25207963f097779aee111,2024-12-20T08:09:00+00:00,33.05555,75.84922,2024-12-20T08:09:00+00:00,2024-12-20T08:09:00+00:00,1,1,3.26,3.26,"https://worldview.earthdata.nasa.gov/?v=75.80922,33.03555,75.88922,33.07555&l=Reference_Labels_15m(hidden),DoS_International_Boundaries(hidden),Coastlines_15m,VIIRS_SNPP_Thermal_Anomalies_375m_All,OCI_PACE_True_Color(hidden),VIIRS_NOAA21_CorrectedReflectance_TrueColor(hidden),VIIRS_NOAA20_CorrectedReflectance_TrueColor(hidden),VIIRS_SNPP_CorrectedReflectance_TrueColor&lg=true&t=2024-12-20-T00%3A00%3A00Z",https://www.openstreetmap.org/?mlat=33.05555&mlon=75.84922#map=14/33.05555/75.84922,VIIRS_SNPP_SP,firms-snpp-2024-v1,pending,,,,,,,,
RV1-0063,DeepaliSingh10,development_only,305_1546,2025-02,firms-c7750f8b898b17856abed3fa,2025-02-07T07:46:00+00:00,15.27187,77.32439,2025-02-07T07:46:00+00:00,2025-02-07T07:46:00+00:00,1,1,4.8,4.8,"https://worldview.earthdata.nasa.gov/?v=77.28439,15.25187,77.36439,15.29187&l=Reference_Labels_15m(hidden),DoS_International_Boundaries(hidden),Coastlines_15m,VIIRS_SNPP_Thermal_Anomalies_375m_All,OCI_PACE_True_Color(hidden),VIIRS_NOAA21_CorrectedReflectance_TrueColor(hidden),VIIRS_NOAA20_CorrectedReflectance_TrueColor(hidden),VIIRS_SNPP_CorrectedReflectance_TrueColor&lg=true&t=2025-02-07-T00%3A00%3A00Z",https://www.openstreetmap.org/?mlat=15.27187&mlon=77.32439#map=14/15.27187/77.32439,VIIRS_SNPP_SP,firms-snpp-2025-v1,pending,,,,,,,,
RV1-0069,DeepaliSingh10,development_only,448_1738,2024-03,firms-1ce8c34c10b2ed869cb9256d,2024-03-31T07:16:00+00:00,22.43917,86.91891,2024-03-11T06:51:00+00:00,2024-03-31T07:16:00+00:00,5,3,3.99,9.27,"https://worldview.earthdata.nasa.gov/?v=86.87891,22.41917,86.95891,22.45917&l=Reference_Labels_15m(hidden),DoS_International_Boundaries(hidden),Coastlines_15m,VIIRS_SNPP_Thermal_Anomalies_375m_All,OCI_PACE_True_Color(hidden),VIIRS_NOAA21_CorrectedReflectance_TrueColor(hidden),VIIRS_NOAA20_CorrectedReflectance_TrueColor(hidden),VIIRS_SNPP_CorrectedReflectance_TrueColor&lg=true&t=2024-03-31-T00%3A00%3A00Z",https://www.openstreetmap.org/?mlat=22.43917&mlon=86.91891#map=14/22.43917/86.91891,VIIRS_SNPP_SP,firms-snpp-2024-v1,pending,,,,,,,,
RV1-0075,DeepaliSingh10,development_only,281_1541,2024-03,firms-c681ab5af4f02d3f0bddd57f,2024-03-30T20:06:00+00:00,14.07167,77.07542,2024-03-30T20:06:00+00:00,2024-03-30T20:06:00+00:00,2,1,1.535,1.66,"https://worldview.earthdata.nasa.gov/?v=77.03542,14.05167,77.11542,14.09167&l=Reference_Labels_15m(hidden),DoS_International_Boundaries(hidden),Coastlines_15m,VIIRS_SNPP_Thermal_Anomalies_375m_All,OCI_PACE_True_Color(hidden),VIIRS_NOAA21_CorrectedReflectance_TrueColor(hidden),VIIRS_NOAA20_CorrectedReflectance_TrueColor(hidden),VIIRS_SNPP_CorrectedReflectance_TrueColor&lg=true&t=2024-03-30-T00%3A00%3A00Z",https://www.openstreetmap.org/?mlat=14.07167&mlon=77.07542#map=14/14.07167/77.07542,VIIRS_SNPP_SP,firms-snpp-2024-v1,pending,,,,,,,,
RV1-0081,DeepaliSingh10,development_only,343_1486,2025-01,firms-0c9687d114342ee6c8f5ec19,2025-01-04T08:24:00+00:00,17.17729,74.32829,2025-01-04T08:24:00+00:00,2025-01-04T08:24:00+00:00,1,1,8.8,8.8,"https://worldview.earthdata.nasa.gov/?v=74.28829,17.15729,74.36829,17.19729&l=Reference_Labels_15m(hidden),DoS_International_Boundaries(hidden),Coastlines_15m,VIIRS_SNPP_Thermal_Anomalies_375m_All,OCI_PACE_True_Color(hidden),VIIRS_NOAA21_CorrectedReflectance_TrueColor(hidden),VIIRS_NOAA20_CorrectedReflectance_TrueColor(hidden),VIIRS_SNPP_CorrectedReflectance_TrueColor&lg=true&t=2025-01-04-T00%3A00%3A00Z",https://www.openstreetmap.org/?mlat=17.17729&mlon=74.32829#map=14/17.17729/74.32829,VIIRS_SNPP_SP,firms-snpp-2025-v1,pending,,,,,,,,
RV1-0087,DeepaliSingh10,development_only,476_1671,2024-04,firms-04b40c3b9c3e0430e51b6c06,2024-04-27T07:10:00+00:00,23.81481,83.55499,2024-04-27T07:10:00+00:00,2024-04-27T07:10:00+00:00,1,1,6.69,6.69,"https://worldview.earthdata.nasa.gov/?v=83.51499,23.79481,83.59499,23.83481&l=Reference_Labels_15m(hidden),DoS_International_Boundaries(hidden),Coastlines_15m,VIIRS_SNPP_Thermal_Anomalies_375m_All,OCI_PACE_True_Color(hidden),VIIRS_NOAA21_CorrectedReflectance_TrueColor(hidden),VIIRS_NOAA20_CorrectedReflectance_TrueColor(hidden),VIIRS_SNPP_CorrectedReflectance_TrueColor&lg=true&t=2024-04-27-T00%3A00%3A00Z",https://www.openstreetmap.org/?mlat=23.81481&mlon=83.55499#map=14/23.81481/83.55499,VIIRS_SNPP_SP,firms-snpp-2024-v1,pending,,,,,,,,
RV1-0093,DeepaliSingh10,development_only,345_1464,2024-03,firms-becc472214c55ffb1d6e0c3b,2024-03-20T09:02:00+00:00,17.29381,73.20029,2024-03-20T09:02:00+00:00,2024-03-20T09:02:00+00:00,1,1,6.39,6.39,"https://worldview.earthdata.nasa.gov/?v=73.16029,17.27381,73.24029,17.31381&l=Reference_Labels_15m(hidden),DoS_International_Boundaries(hidden),Coastlines_15m,VIIRS_SNPP_Thermal_Anomalies_375m_All,OCI_PACE_True_Color(hidden),VIIRS_NOAA21_CorrectedReflectance_TrueColor(hidden),VIIRS_NOAA20_CorrectedReflectance_TrueColor(hidden),VIIRS_SNPP_CorrectedReflectance_TrueColor&lg=true&t=2024-03-20-T00%3A00%3A00Z",https://www.openstreetmap.org/?mlat=17.29381&mlon=73.20029#map=14/17.29381/73.20029,VIIRS_SNPP_SP,firms-snpp-2024-v1,pending,,,,,,,,
RV1-0099,DeepaliSingh10,development_only,435_1571,2025-03,firms-c0db715f494c3499c4a3b501,2025-03-18T07:16:00+00:00,21.79373,78.57437,2025-03-04T20:48:00+00:00,2025-03-31T08:12:00+00:00,11,6,4.55,10.39,"https://worldview.earthdata.nasa.gov/?v=78.53437,21.77373,78.61437,21.81373&l=Reference_Labels_15m(hidden),DoS_International_Boundaries(hidden),Coastlines_15m,VIIRS_SNPP_Thermal_Anomalies_375m_All,OCI_PACE_True_Color(hidden),VIIRS_NOAA21_CorrectedReflectance_TrueColor(hidden),VIIRS_NOAA20_CorrectedReflectance_TrueColor(hidden),VIIRS_SNPP_CorrectedReflectance_TrueColor&lg=true&t=2025-03-18-T00%3A00%3A00Z",https://www.openstreetmap.org/?mlat=21.79373&mlon=78.57437#map=14/21.79373/78.57437,VIIRS_SNPP_SP,firms-snpp-2025-v1,pending,,,,,,,,
RV1-0105,DeepaliSingh10,development_only,552_1715,2024-04,firms-30817a9b9e0eab7639fef3d4,2024-04-25T07:49:00+00:00,27.60101,85.77473,2024-04-20T20:08:00+00:00,2024-04-25T20:14:00+00:00,3,2,0.99,2.33,"https://worldview.earthdata.nasa.gov/?v=85.73473,27.58101,85.81473,27.62101&l=Reference_Labels_15m(hidden),DoS_International_Boundaries(hidden),Coastlines_15m,VIIRS_SNPP_Thermal_Anomalies_375m_All,OCI_PACE_True_Color(hidden),VIIRS_NOAA21_CorrectedReflectance_TrueColor(hidden),VIIRS_NOAA20_CorrectedReflectance_TrueColor(hidden),VIIRS_SNPP_CorrectedReflectance_TrueColor&lg=true&t=2024-04-25-T00%3A00%3A00Z",https://www.openstreetmap.org/?mlat=27.60101&mlon=85.77473#map=14/27.60101/85.77473,VIIRS_SNPP_SP,firms-snpp-2024-v1,pending,,,,,,,,
RV1-0111,DeepaliSingh10,development_only,530_1695,2024-12,firms-f55bb74c357ad9dcec7c1213,2024-12-10T07:54:00+00:00,26.52214,84.77205,2024-12-10T07:54:00+00:00,2024-12-10T07:54:00+00:00,1,1,2.22,2.22,"https://worldview.earthdata.nasa.gov/?v=84.73205,26.50214,84.81205,26.54214&l=Reference_Labels_15m(hidden),DoS_International_Boundaries(hidden),Coastlines_15m,VIIRS_SNPP_Thermal_Anomalies_375m_All,OCI_PACE_True_Color(hidden),VIIRS_NOAA21_CorrectedReflectance_TrueColor(hidden),VIIRS_NOAA20_CorrectedReflectance_TrueColor(hidden),VIIRS_SNPP_CorrectedReflectance_TrueColor&lg=true&t=2024-12-10-T00%3A00%3A00Z",https://www.openstreetmap.org/?mlat=26.52214&mlon=84.77205#map=14/26.52214/84.77205,VIIRS_SNPP_SP,firms-snpp-2024-v1,pending,,,,,,,,
RV1-0117,DeepaliSingh10,development_only,415_1867,2025-04,firms-aa48c3a945446dbe78ab2e6b,2025-04-09T19:32:00+00:00,20.76104,93.3823,2025-04-01T07:53:00+00:00,2025-04-09T19:32:00+00:00,2,2,3.63,6.26,"https://worldview.earthdata.nasa.gov/?v=93.34230,20.74104,93.42230,20.78104&l=Reference_Labels_15m(hidden),DoS_International_Boundaries(hidden),Coastlines_15m,VIIRS_SNPP_Thermal_Anomalies_375m_All,OCI_PACE_True_Color(hidden),VIIRS_NOAA21_CorrectedReflectance_TrueColor(hidden),VIIRS_NOAA20_CorrectedReflectance_TrueColor(hidden),VIIRS_SNPP_CorrectedReflectance_TrueColor&lg=true&t=2025-04-09-T00%3A00%3A00Z",https://www.openstreetmap.org/?mlat=20.76104&mlon=93.38230#map=14/20.76104/93.38230,VIIRS_SNPP_SP,firms-snpp-2025-v1,pending,,,,,,,,
RV1-0123,DeepaliSingh10,development_only,432_1491,2025-03,firms-3a4da13e3d4308b3ccd528c1,2025-03-27T07:47:00+00:00,21.61683,74.59148,2025-03-27T07:47:00+00:00,2025-03-27T07:47:00+00:00,1,1,6.68,6.68,"https://worldview.earthdata.nasa.gov/?v=74.55148,21.59683,74.63148,21.63683&l=Reference_Labels_15m(hidden),DoS_International_Boundaries(hidden),Coastlines_15m,VIIRS_SNPP_Thermal_Anomalies_375m_All,OCI_PACE_True_Color(hidden),VIIRS_NOAA21_CorrectedReflectance_TrueColor(hidden),VIIRS_NOAA20_CorrectedReflectance_TrueColor(hidden),VIIRS_SNPP_CorrectedReflectance_TrueColor&lg=true&t=2025-03-27-T00%3A00%3A00Z",https://www.openstreetmap.org/?mlat=21.61683&mlon=74.59148#map=14/21.61683/74.59148,VIIRS_SNPP_SP,firms-snpp-2025-v1,pending,,,,,,,,
RV1-0129,DeepaliSingh10,development_only,643_1498,2024-10,firms-340177a951911b49a3d02a89,2024-10-22T08:14:00+00:00,32.16688,74.92815,2024-10-18T07:49:00+00:00,2024-10-22T08:14:00+00:00,2,2,3.76,3.86,"https://worldview.earthdata.nasa.gov/?v=74.88815,32.14688,74.96815,32.18688&l=Reference_Labels_15m(hidden),DoS_International_Boundaries(hidden),Coastlines_15m,VIIRS_SNPP_Thermal_Anomalies_375m_All,OCI_PACE_True_Color(hidden),VIIRS_NOAA21_CorrectedReflectance_TrueColor(hidden),VIIRS_NOAA20_CorrectedReflectance_TrueColor(hidden),VIIRS_SNPP_CorrectedReflectance_TrueColor&lg=true&t=2024-10-22-T00%3A00%3A00Z",https://www.openstreetmap.org/?mlat=32.16688&mlon=74.92815#map=14/32.16688/74.92815,VIIRS_SNPP_SP,firms-snpp-2024-v1,pending,,,,,,,,
RV1-0135,DeepaliSingh10,development_only,386_1562,2024-05,firms-f3c45733add5602ad342f25b,2024-05-28T19:58:00+00:00,19.33367,78.14227,2024-05-28T19:58:00+00:00,2024-05-28T19:58:00+00:00,1,1,0.43,0.43,"https://worldview.earthdata.nasa.gov/?v=78.10227,19.31367,78.18227,19.35367&l=Reference_Labels_15m(hidden),DoS_International_Boundaries(hidden),Coastlines_15m,VIIRS_SNPP_Thermal_Anomalies_375m_All,OCI_PACE_True_Color(hidden),VIIRS_NOAA21_CorrectedReflectance_TrueColor(hidden),VIIRS_NOAA20_CorrectedReflectance_TrueColor(hidden),VIIRS_SNPP_CorrectedReflectance_TrueColor&lg=true&t=2024-05-28-T00%3A00%3A00Z",https://www.openstreetmap.org/?mlat=19.33367&mlon=78.14227#map=14/19.33367/78.14227,VIIRS_SNPP_SP,firms-snpp-2024-v1,pending,,,,,,,,
RV1-0141,DeepaliSingh10,development_only,400_1878,2025-05,firms-c29f99464510ec2b8b671ede,2025-05-06T06:57:00+00:00,20.01071,93.93707,2025-05-06T06:57:00+00:00,2025-05-06T06:57:00+00:00,2,1,32.2,32.2,"https://worldview.earthdata.nasa.gov/?v=93.89707,19.99071,93.97707,20.03071&l=Reference_Labels_15m(hidden),DoS_International_Boundaries(hidden),Coastlines_15m,VIIRS_SNPP_Thermal_Anomalies_375m_All,OCI_PACE_True_Color(hidden),VIIRS_NOAA21_CorrectedReflectance_TrueColor(hidden),VIIRS_NOAA20_CorrectedReflectance_TrueColor(hidden),VIIRS_SNPP_CorrectedReflectance_TrueColor&lg=true&t=2025-05-06-T00%3A00%3A00Z",https://www.openstreetmap.org/?mlat=20.01071&mlon=93.93707#map=14/20.01071/93.93707,VIIRS_SNPP_SP,firms-snpp-2025-v1,pending,,,,,,,,
RV1-0147,DeepaliSingh10,development_only,515_1510,2025-05,firms-e6f733db24f0c40bde42ee61,2025-05-04T20:03:00+00:00,25.77119,75.5023,2025-05-04T20:03:00+00:00,2025-05-04T20:03:00+00:00,1,1,0.33,0.33,"https://worldview.earthdata.nasa.gov/?v=75.46230,25.75119,75.54230,25.79119&l=Reference_Labels_15m(hidden),DoS_International_Boundaries(hidden),Coastlines_15m,VIIRS_SNPP_Thermal_Anomalies_375m_All,OCI_PACE_True_Color(hidden),VIIRS_NOAA21_CorrectedReflectance_TrueColor(hidden),VIIRS_NOAA20_CorrectedReflectance_TrueColor(hidden),VIIRS_SNPP_CorrectedReflectance_TrueColor&lg=true&t=2025-05-04-T00%3A00%3A00Z",https://www.openstreetmap.org/?mlat=25.77119&mlon=75.50230#map=14/25.77119/75.50230,VIIRS_SNPP_SP,firms-snpp-2025-v1,pending,,,,,,,,
RV1-0153,DeepaliSingh10,development_only,583_1643,2024-11,firms-b817b3b1f8662f18f060284f,2024-11-09T07:36:00+00:00,29.16582,82.19604,2024-11-09T07:36:00+00:00,2024-11-09T07:36:00+00:00,1,1,3.31,3.31,"https://worldview.earthdata.nasa.gov/?v=82.15604,29.14582,82.23604,29.18582&l=Reference_Labels_15m(hidden),DoS_International_Boundaries(hidden),Coastlines_15m,VIIRS_SNPP_Thermal_Anomalies_375m_All,OCI_PACE_True_Color(hidden),VIIRS_NOAA21_CorrectedReflectance_TrueColor(hidden),VIIRS_NOAA20_CorrectedReflectance_TrueColor(hidden),VIIRS_SNPP_CorrectedReflectance_TrueColor&lg=true&t=2024-11-09-T00%3A00%3A00Z",https://www.openstreetmap.org/?mlat=29.16582&mlon=82.19604#map=14/29.16582/82.19604,VIIRS_SNPP_SP,firms-snpp-2024-v1,pending,,,,,,,,
RV1-0159,DeepaliSingh10,development_only,535_1692,2025-02,firms-ba5dc2f5e856a140be23284e,2025-02-18T07:43:00+00:00,26.77533,84.62378,2025-02-18T07:43:00+00:00,2025-02-18T07:43:00+00:00,1,1,2.19,2.19,"https://worldview.earthdata.nasa.gov/?v=84.58378,26.75533,84.66378,26.79533&l=Reference_Labels_15m(hidden),DoS_International_Boundaries(hidden),Coastlines_15m,VIIRS_SNPP_Thermal_Anomalies_375m_All,OCI_PACE_True_Color(hidden),VIIRS_NOAA21_CorrectedReflectance_TrueColor(hidden),VIIRS_NOAA20_CorrectedReflectance_TrueColor(hidden),VIIRS_SNPP_CorrectedReflectance_TrueColor&lg=true&t=2025-02-18-T00%3A00%3A00Z",https://www.openstreetmap.org/?mlat=26.77533&mlon=84.62378#map=14/26.77533/84.62378,VIIRS_SNPP_SP,firms-snpp-2025-v1,pending,,,,,,,,
RV1-0165,DeepaliSingh10,development_only,292_1547,2025-05,firms-818083a25023297676a1c0aa,2025-05-02T08:11:00+00:00,14.63111,77.37863,2025-05-02T08:11:00+00:00,2025-05-02T08:11:00+00:00,1,1,4.7,4.7,"https://worldview.earthdata.nasa.gov/?v=77.33863,14.61111,77.41863,14.65111&l=Reference_Labels_15m(hidden),DoS_International_Boundaries(hidden),Coastlines_15m,VIIRS_SNPP_Thermal_Anomalies_375m_All,OCI_PACE_True_Color(hidden),VIIRS_NOAA21_CorrectedReflectance_TrueColor(hidden),VIIRS_NOAA20_CorrectedReflectance_TrueColor(hidden),VIIRS_SNPP_CorrectedReflectance_TrueColor&lg=true&t=2025-05-02-T00%3A00%3A00Z",https://www.openstreetmap.org/?mlat=14.63111&mlon=77.37863#map=14/14.63111/77.37863,VIIRS_SNPP_SP,firms-snpp-2025-v1,pending,,,,,,,,
RV1-0171,DeepaliSingh10,development_only,316_1959,2025-04,firms-63d08d2e7d21053f964e09fb,2025-04-07T05:58:00+00:00,15.81295,97.97877,2025-04-07T05:58:00+00:00,2025-04-07T05:58:00+00:00,2,1,10.09,10.82,"https://worldview.earthdata.nasa.gov/?v=97.93877,15.79295,98.01877,15.83295&l=Reference_Labels_15m(hidden),DoS_International_Boundaries(hidden),Coastlines_15m,VIIRS_SNPP_Thermal_Anomalies_375m_All,OCI_PACE_True_Color(hidden),VIIRS_NOAA21_CorrectedReflectance_TrueColor(hidden),VIIRS_NOAA20_CorrectedReflectance_TrueColor(hidden),VIIRS_SNPP_CorrectedReflectance_TrueColor&lg=true&t=2025-04-07-T00%3A00%3A00Z",https://www.openstreetmap.org/?mlat=15.81295&mlon=97.97877#map=14/15.81295/97.97877,VIIRS_SNPP_SP,firms-snpp-2025-v1,pending,,,,,,,,
RV1-0177,DeepaliSingh10,development_only,478_1438,2024-11,firms-ac7fef01639df81710765161,2024-11-07T08:12:00+00:00,23.94497,71.92026,2024-11-07T08:12:00+00:00,2024-11-23T08:12:00+00:00,3,2,1.99,1.99,"https://worldview.earthdata.nasa.gov/?v=71.88026,23.92497,71.96026,23.96497&l=Reference_Labels_15m(hidden),DoS_International_Boundaries(hidden),Coastlines_15m,VIIRS_SNPP_Thermal_Anomalies_375m_All,OCI_PACE_True_Color(hidden),VIIRS_NOAA21_CorrectedReflectance_TrueColor(hidden),VIIRS_NOAA20_CorrectedReflectance_TrueColor(hidden),VIIRS_SNPP_CorrectedReflectance_TrueColor&lg=true&t=2024-11-07-T00%3A00%3A00Z",https://www.openstreetmap.org/?mlat=23.94497&mlon=71.92026#map=14/23.94497/71.92026,VIIRS_SNPP_SP,firms-snpp-2024-v1,pending,,,,,,,,
RV1-0183,DeepaliSingh10,development_only,280_1524,2024-03,firms-c57c012886d24d49afae2a46,2024-03-25T07:27:00+00:00,14.01158,76.22542,2024-03-15T08:54:00+00:00,2024-03-25T07:27:00+00:00,2,2,1.9100000000000001,2.2,"https://worldview.earthdata.nasa.gov/?v=76.18542,13.99158,76.26542,14.03158&l=Reference_Labels_15m(hidden),DoS_International_Boundaries(hidden),Coastlines_15m,VIIRS_SNPP_Thermal_Anomalies_375m_All,OCI_PACE_True_Color(hidden),VIIRS_NOAA21_CorrectedReflectance_TrueColor(hidden),VIIRS_NOAA20_CorrectedReflectance_TrueColor(hidden),VIIRS_SNPP_CorrectedReflectance_TrueColor&lg=true&t=2024-03-25-T00%3A00%3A00Z",https://www.openstreetmap.org/?mlat=14.01158&mlon=76.22542#map=14/14.01158/76.22542,VIIRS_SNPP_SP,firms-snpp-2024-v1,pending,,,,,,,,
RV1-0189,DeepaliSingh10,development_only,421_1629,2025-04,firms-9357e059fdd2fb58c0850c66,2025-04-01T07:53:00+00:00,21.06444,81.49156,2025-04-01T07:53:00+00:00,2025-04-23T07:41:00+00:00,5,2,5.75,12.32,"https://worldview.earthdata.nasa.gov/?v=81.45156,21.04444,81.53156,21.08444&l=Reference_Labels_15m(hidden),DoS_International_Boundaries(hidden),Coastlines_15m,VIIRS_SNPP_Thermal_Anomalies_375m_All,OCI_PACE_True_Color(hidden),VIIRS_NOAA21_CorrectedReflectance_TrueColor(hidden),VIIRS_NOAA20_CorrectedReflectance_TrueColor(hidden),VIIRS_SNPP_CorrectedReflectance_TrueColor&lg=true&t=2025-04-01-T00%3A00%3A00Z",https://www.openstreetmap.org/?mlat=21.06444&mlon=81.49156#map=14/21.06444/81.49156,VIIRS_SNPP_SP,firms-snpp-2025-v1,pending,,,,,,,,
RV1-0195,DeepaliSingh10,development_only,485_1948,2024-04,firms-4085872a9ddd391d2fc311cc,2024-04-15T18:22:00+00:00,24.25675,97.42719,2024-04-15T18:22:00+00:00,2024-04-15T18:22:00+00:00,1,1,1.43,1.43,"https://worldview.earthdata.nasa.gov/?v=97.38719,24.23675,97.46719,24.27675&l=Reference_Labels_15m(hidden),DoS_International_Boundaries(hidden),Coastlines_15m,VIIRS_SNPP_Thermal_Anomalies_375m_All,OCI_PACE_True_Color(hidden),VIIRS_NOAA21_CorrectedReflectance_TrueColor(hidden),VIIRS_NOAA20_CorrectedReflectance_TrueColor(hidden),VIIRS_SNPP_CorrectedReflectance_TrueColor&lg=true&t=2024-04-15-T00%3A00%3A00Z",https://www.openstreetmap.org/?mlat=24.25675&mlon=97.42719#map=14/24.25675/97.42719,VIIRS_SNPP_SP,firms-snpp-2024-v1,pending,,,,,,,,
RV1-0201,DeepaliSingh10,development_only,402_1686,2025-03,firms-daeda5a6c309d66ae3e1b4c7,2025-03-28T19:57:00+00:00,20.12274,84.32673,2025-03-17T20:04:00+00:00,2025-03-28T19:57:00+00:00,2,2,0.9650000000000001,1.31,"https://worldview.earthdata.nasa.gov/?v=84.28673,20.10274,84.36673,20.14274&l=Reference_Labels_15m(hidden),DoS_International_Boundaries(hidden),Coastlines_15m,VIIRS_SNPP_Thermal_Anomalies_375m_All,OCI_PACE_True_Color(hidden),VIIRS_NOAA21_CorrectedReflectance_TrueColor(hidden),VIIRS_NOAA20_CorrectedReflectance_TrueColor(hidden),VIIRS_SNPP_CorrectedReflectance_TrueColor&lg=true&t=2025-03-28-T00%3A00%3A00Z",https://www.openstreetmap.org/?mlat=20.12274&mlon=84.32673#map=14/20.12274/84.32673,VIIRS_SNPP_SP,firms-snpp-2025-v1,pending,,,,,,,,
RV1-0207,DeepaliSingh10,development_only,442_1891,2024-04,firms-cb0b8929b0a0f35bcf96d155,2024-04-04T07:41:00+00:00,22.10972,94.55123,2024-04-01T06:57:00+00:00,2024-04-16T07:16:00+00:00,4,4,2.57,10.03,"https://worldview.earthdata.nasa.gov/?v=94.51123,22.08972,94.59123,22.12972&l=Reference_Labels_15m(hidden),DoS_International_Boundaries(hidden),Coastlines_15m,VIIRS_SNPP_Thermal_Anomalies_375m_All,OCI_PACE_True_Color(hidden),VIIRS_NOAA21_CorrectedReflectance_TrueColor(hidden),VIIRS_NOAA20_CorrectedReflectance_TrueColor(hidden),VIIRS_SNPP_CorrectedReflectance_TrueColor&lg=true&t=2024-04-04-T00%3A00%3A00Z",https://www.openstreetmap.org/?mlat=22.10972&mlon=94.55123#map=14/22.10972/94.55123,VIIRS_SNPP_SP,firms-snpp-2024-v1,pending,,,,,,,,
RV1-0213,DeepaliSingh10,development_only,555_1625,2025-05,firms-14071139b81d6b2055d86127,2025-05-13T08:09:00+00:00,27.75317,81.26797,2025-05-13T08:09:00+00:00,2025-05-13T08:09:00+00:00,1,1,4.55,4.55,"https://worldview.earthdata.nasa.gov/?v=81.22797,27.73317,81.30797,27.77317&l=Reference_Labels_15m(hidden),DoS_International_Boundaries(hidden),Coastlines_15m,VIIRS_SNPP_Thermal_Anomalies_375m_All,OCI_PACE_True_Color(hidden),VIIRS_NOAA21_CorrectedReflectance_TrueColor(hidden),VIIRS_NOAA20_CorrectedReflectance_TrueColor(hidden),VIIRS_SNPP_CorrectedReflectance_TrueColor&lg=true&t=2025-05-13-T00%3A00%3A00Z",https://www.openstreetmap.org/?mlat=27.75317&mlon=81.26797#map=14/27.75317/81.26797,VIIRS_SNPP_SP,firms-snpp-2025-v1,pending,,,,,,,,
RV1-0219,DeepaliSingh10,development_only,475_1675,2024-04,firms-f7658f27460ec8119c809d93,2024-04-19T08:00:00+00:00,23.76325,83.79765,2024-04-19T08:00:00+00:00,2024-04-19T08:00:00+00:00,1,1,3.63,3.63,"https://worldview.earthdata.nasa.gov/?v=83.75765,23.74325,83.83765,23.78325&l=Reference_Labels_15m(hidden),DoS_International_Boundaries(hidden),Coastlines_15m,VIIRS_SNPP_Thermal_Anomalies_375m_All,OCI_PACE_True_Color(hidden),VIIRS_NOAA21_CorrectedReflectance_TrueColor(hidden),VIIRS_NOAA20_CorrectedReflectance_TrueColor(hidden),VIIRS_SNPP_CorrectedReflectance_TrueColor&lg=true&t=2024-04-19-T00%3A00%3A00Z",https://www.openstreetmap.org/?mlat=23.76325&mlon=83.79765#map=14/23.76325/83.79765,VIIRS_SNPP_SP,firms-snpp-2024-v1,pending,,,,,,,,
RV1-0225,DeepaliSingh10,development_only,353_1648,2024-04,firms-096bd4658bc6f6b5824b935e,2024-04-15T07:34:00+00:00,17.69879,82.40325,2024-04-09T20:17:00+00:00,2024-04-15T07:34:00+00:00,3,2,1.53,3.21,"https://worldview.earthdata.nasa.gov/?v=82.36325,17.67879,82.44325,17.71879&l=Reference_Labels_15m(hidden),DoS_International_Boundaries(hidden),Coastlines_15m,VIIRS_SNPP_Thermal_Anomalies_375m_All,OCI_PACE_True_Color(hidden),VIIRS_NOAA21_CorrectedReflectance_TrueColor(hidden),VIIRS_NOAA20_CorrectedReflectance_TrueColor(hidden),VIIRS_SNPP_CorrectedReflectance_TrueColor&lg=true&t=2024-04-15-T00%3A00%3A00Z",https://www.openstreetmap.org/?mlat=17.69879&mlon=82.40325#map=14/17.69879/82.40325,VIIRS_SNPP_SP,firms-snpp-2024-v1,pending,,,,,,,,
RV1-0231,DeepaliSingh10,development_only,459_1486,2025-03,firms-ca7d3b72ecdfa80956952c3c,2025-03-15T08:13:00+00:00,22.97602,74.32435,2025-03-15T08:13:00+00:00,2025-03-15T08:13:00+00:00,2,1,6.11,6.11,"https://worldview.earthdata.nasa.gov/?v=74.28435,22.95602,74.36435,22.99602&l=Reference_Labels_15m(hidden),DoS_International_Boundaries(hidden),Coastlines_15m,VIIRS_SNPP_Thermal_Anomalies_375m_All,OCI_PACE_True_Color(hidden),VIIRS_NOAA21_CorrectedReflectance_TrueColor(hidden),VIIRS_NOAA20_CorrectedReflectance_TrueColor(hidden),VIIRS_SNPP_CorrectedReflectance_TrueColor&lg=true&t=2025-03-15-T00%3A00%3A00Z",https://www.openstreetmap.org/?mlat=22.97602&mlon=74.32435#map=14/22.97602/74.32435,VIIRS_SNPP_SP,firms-snpp-2025-v1,pending,,,,,,,,
RV1-0237,DeepaliSingh10,development_only,520_1564,2024-05,firms-c59364ff0cc63dea3c68e744,2024-05-05T08:01:00+00:00,26.03613,78.22017,2024-05-04T08:20:00+00:00,2024-05-08T07:05:00+00:00,3,3,13.41,16.29,"https://worldview.earthdata.nasa.gov/?v=78.18017,26.01613,78.26017,26.05613&l=Reference_Labels_15m(hidden),DoS_International_Boundaries(hidden),Coastlines_15m,VIIRS_SNPP_Thermal_Anomalies_375m_All,OCI_PACE_True_Color(hidden),VIIRS_NOAA21_CorrectedReflectance_TrueColor(hidden),VIIRS_NOAA20_CorrectedReflectance_TrueColor(hidden),VIIRS_SNPP_CorrectedReflectance_TrueColor&lg=true&t=2024-05-05-T00%3A00%3A00Z",https://www.openstreetmap.org/?mlat=26.03613&mlon=78.22017#map=14/26.03613/78.22017,VIIRS_SNPP_SP,firms-snpp-2024-v1,pending,,,,,,,,
RV1-0243,DeepaliSingh10,development_only,402_1934,2025-04,firms-b6341dd7209ab912ff03c33e,2025-04-02T07:33:00+00:00,20.10134,96.7155,2025-04-01T18:41:00+00:00,2025-04-21T06:37:00+00:00,8,4,7.89,169.57,"https://worldview.earthdata.nasa.gov/?v=96.67550,20.08134,96.75550,20.12134&l=Reference_Labels_15m(hidden),DoS_International_Boundaries(hidden),Coastlines_15m,VIIRS_SNPP_Thermal_Anomalies_375m_All,OCI_PACE_True_Color(hidden),VIIRS_NOAA21_CorrectedReflectance_TrueColor(hidden),VIIRS_NOAA20_CorrectedReflectance_TrueColor(hidden),VIIRS_SNPP_CorrectedReflectance_TrueColor&lg=true&t=2025-04-02-T00%3A00%3A00Z",https://www.openstreetmap.org/?mlat=20.10134&mlon=96.71550#map=14/20.10134/96.71550,VIIRS_SNPP_SP,firms-snpp-2025-v1,pending,,,,,,,,
RV1-0249,DeepaliSingh10,development_only,490_1909,2024-05,firms-a76fbfb0273bdec15a786c63,2024-05-14T19:18:00+00:00,24.50252,95.47546,2024-05-14T06:51:00+00:00,2024-05-14T19:18:00+00:00,2,1,2.475,2.64,"https://worldview.earthdata.nasa.gov/?v=95.43546,24.48252,95.51546,24.52252&l=Reference_Labels_15m(hidden),DoS_International_Boundaries(hidden),Coastlines_15m,VIIRS_SNPP_Thermal_Anomalies_375m_All,OCI_PACE_True_Color(hidden),VIIRS_NOAA21_CorrectedReflectance_TrueColor(hidden),VIIRS_NOAA20_CorrectedReflectance_TrueColor(hidden),VIIRS_SNPP_CorrectedReflectance_TrueColor&lg=true&t=2024-05-14-T00%3A00%3A00Z",https://www.openstreetmap.org/?mlat=24.50252&mlon=95.47546#map=14/24.50252/95.47546,VIIRS_SNPP_SP,firms-snpp-2024-v1,pending,,,,,,,,
RV1-0255,DeepaliSingh10,development_only,572_1383,2024-10,firms-f1005e8ea5be46eca454af5c,2024-10-28T20:26:00+00:00,28.63293,69.19882,2024-10-28T20:26:00+00:00,2024-10-28T20:26:00+00:00,1,1,0.66,0.66,"https://worldview.earthdata.nasa.gov/?v=69.15882,28.61293,69.23882,28.65293&l=Reference_Labels_15m(hidden),DoS_International_Boundaries(hidden),Coastlines_15m,VIIRS_SNPP_Thermal_Anomalies_375m_All,OCI_PACE_True_Color(hidden),VIIRS_NOAA21_CorrectedReflectance_TrueColor(hidden),VIIRS_NOAA20_CorrectedReflectance_TrueColor(hidden),VIIRS_SNPP_CorrectedReflectance_TrueColor&lg=true&t=2024-10-28-T00%3A00%3A00Z",https://www.openstreetmap.org/?mlat=28.63293&mlon=69.19882#map=14/28.63293/69.19882,VIIRS_SNPP_SP,firms-snpp-2024-v1,pending,,,,,,,,
RV1-0261,DeepaliSingh10,development_only,412_1521,2025-05,firms-ac25a7220a856f452232c7f5,2025-05-04T07:35:00+00:00,20.63449,76.09633,2025-05-04T07:35:00+00:00,2025-05-15T07:29:00+00:00,3,2,12.79,12.86,"https://worldview.earthdata.nasa.gov/?v=76.05633,20.61449,76.13633,20.65449&l=Reference_Labels_15m(hidden),DoS_International_Boundaries(hidden),Coastlines_15m,VIIRS_SNPP_Thermal_Anomalies_375m_All,OCI_PACE_True_Color(hidden),VIIRS_NOAA21_CorrectedReflectance_TrueColor(hidden),VIIRS_NOAA20_CorrectedReflectance_TrueColor(hidden),VIIRS_SNPP_CorrectedReflectance_TrueColor&lg=true&t=2025-05-04-T00%3A00%3A00Z",https://www.openstreetmap.org/?mlat=20.63449&mlon=76.09633#map=14/20.63449/76.09633,VIIRS_SNPP_SP,firms-snpp-2025-v1,pending,,,,,,,,
RV1-0267,DeepaliSingh10,development_only,456_1523,2025-04,firms-e2291452d9966ca98bff42fc,2025-04-07T20:10:00+00:00,22.80294,76.16178,2025-04-07T20:10:00+00:00,2025-04-07T20:10:00+00:00,1,1,0.81,0.81,"https://worldview.earthdata.nasa.gov/?v=76.12178,22.78294,76.20178,22.82294&l=Reference_Labels_15m(hidden),DoS_International_Boundaries(hidden),Coastlines_15m,VIIRS_SNPP_Thermal_Anomalies_375m_All,OCI_PACE_True_Color(hidden),VIIRS_NOAA21_CorrectedReflectance_TrueColor(hidden),VIIRS_NOAA20_CorrectedReflectance_TrueColor(hidden),VIIRS_SNPP_CorrectedReflectance_TrueColor&lg=true&t=2025-04-07-T00%3A00%3A00Z",https://www.openstreetmap.org/?mlat=22.80294&mlon=76.16178#map=14/22.80294/76.16178,VIIRS_SNPP_SP,firms-snpp-2025-v1,pending,,,,,,,,
RV1-0273,DeepaliSingh10,development_only,472_1918,2024-03,firms-af768507aaf2ae83d3a8a529,2024-03-06T19:12:00+00:00,23.6214,95.91699,2024-03-01T06:38:00+00:00,2024-03-09T19:56:00+00:00,14,7,1.345,4.43,"https://worldview.earthdata.nasa.gov/?v=95.87699,23.60140,95.95699,23.64140&l=Reference_Labels_15m(hidden),DoS_International_Boundaries(hidden),Coastlines_15m,VIIRS_SNPP_Thermal_Anomalies_375m_All,OCI_PACE_True_Color(hidden),VIIRS_NOAA21_CorrectedReflectance_TrueColor(hidden),VIIRS_NOAA20_CorrectedReflectance_TrueColor(hidden),VIIRS_SNPP_CorrectedReflectance_TrueColor&lg=true&t=2024-03-06-T00%3A00%3A00Z",https://www.openstreetmap.org/?mlat=23.62140&mlon=95.91699#map=14/23.62140/95.91699,VIIRS_SNPP_SP,firms-snpp-2024-v1,pending,,,,,,,,
RV1-0279,DeepaliSingh10,development_only,189_1576,2024-06,firms-82643789d8beb666c0d6b084,2024-06-15T08:27:00+00:00,9.49899,78.84853,2024-06-15T08:27:00+00:00,2024-06-15T08:27:00+00:00,1,1,4.64,4.64,"https://worldview.earthdata.nasa.gov/?v=78.80853,9.47899,78.88853,9.51899&l=Reference_Labels_15m(hidden),DoS_International_Boundaries(hidden),Coastlines_15m,VIIRS_SNPP_Thermal_Anomalies_375m_All,OCI_PACE_True_Color(hidden),VIIRS_NOAA21_CorrectedReflectance_TrueColor(hidden),VIIRS_NOAA20_CorrectedReflectance_TrueColor(hidden),VIIRS_SNPP_CorrectedReflectance_TrueColor&lg=true&t=2024-06-15-T00%3A00%3A00Z",https://www.openstreetmap.org/?mlat=9.49899&mlon=78.84853#map=14/9.49899/78.84853,VIIRS_SNPP_SP,firms-snpp-2024-v1,pending,,,,,,,,
RV1-0285,DeepaliSingh10,development_only,246_1530,2025-02,firms-f889c99ddb031866d366389a,2025-02-06T08:04:00+00:00,12.31154,76.51742,2025-02-06T08:04:00+00:00,2025-02-13T07:33:00+00:00,3,2,3.22,5.64,"https://worldview.earthdata.nasa.gov/?v=76.47742,12.29154,76.55742,12.33154&l=Reference_Labels_15m(hidden),DoS_International_Boundaries(hidden),Coastlines_15m,VIIRS_SNPP_Thermal_Anomalies_375m_All,OCI_PACE_True_Color(hidden),VIIRS_NOAA21_CorrectedReflectance_TrueColor(hidden),VIIRS_NOAA20_CorrectedReflectance_TrueColor(hidden),VIIRS_SNPP_CorrectedReflectance_TrueColor&lg=true&t=2025-02-06-T00%3A00%3A00Z",https://www.openstreetmap.org/?mlat=12.31154&mlon=76.51742#map=14/12.31154/76.51742,VIIRS_SNPP_SP,firms-snpp-2025-v1,pending,,,,,,,,
RV1-0291,DeepaliSingh10,development_only,387_1485,2025-03,firms-04089a59f9d0dc6a7578f3b6,2025-03-31T08:12:00+00:00,19.35688,74.28722,2025-03-20T08:18:00+00:00,2025-03-31T08:12:00+00:00,2,2,3.515,4.24,"https://worldview.earthdata.nasa.gov/?v=74.24722,19.33688,74.32722,19.37688&l=Reference_Labels_15m(hidden),DoS_International_Boundaries(hidden),Coastlines_15m,VIIRS_SNPP_Thermal_Anomalies_375m_All,OCI_PACE_True_Color(hidden),VIIRS_NOAA21_CorrectedReflectance_TrueColor(hidden),VIIRS_NOAA20_CorrectedReflectance_TrueColor(hidden),VIIRS_SNPP_CorrectedReflectance_TrueColor&lg=true&t=2025-03-31-T00%3A00%3A00Z",https://www.openstreetmap.org/?mlat=19.35688&mlon=74.28722#map=14/19.35688/74.28722,VIIRS_SNPP_SP,firms-snpp-2025-v1,pending,,,,,,,,
RV1-0297,DeepaliSingh10,development_only,386_1929,2025-04,firms-cb06c95e4f0faa717241bebb,2025-04-02T07:33:00+00:00,19.33231,96.47173,2025-04-02T07:33:00+00:00,2025-04-04T19:26:00+00:00,5,2,95.84,95.84,"https://worldview.earthdata.nasa.gov/?v=96.43173,19.31231,96.51173,19.35231&l=Reference_Labels_15m(hidden),DoS_International_Boundaries(hidden),Coastlines_15m,VIIRS_SNPP_Thermal_Anomalies_375m_All,OCI_PACE_True_Color(hidden),VIIRS_NOAA21_CorrectedReflectance_TrueColor(hidden),VIIRS_NOAA20_CorrectedReflectance_TrueColor(hidden),VIIRS_SNPP_CorrectedReflectance_TrueColor&lg=true&t=2025-04-02-T00%3A00%3A00Z",https://www.openstreetmap.org/?mlat=19.33231&mlon=96.47173#map=14/19.33231/96.47173,VIIRS_SNPP_SP,firms-snpp-2025-v1,pending,,,,,,,,
RV1-0303,DeepaliSingh10,development_only,449_1504,2024-05,firms-40241eba8612bfec2fd20927,2024-05-11T07:48:00+00:00,22.46694,75.24786,2024-05-11T07:48:00+00:00,2024-05-11T07:48:00+00:00,1,1,12.45,12.45,"https://worldview.earthdata.nasa.gov/?v=75.20786,22.44694,75.28786,22.48694&l=Reference_Labels_15m(hidden),DoS_International_Boundaries(hidden),Coastlines_15m,VIIRS_SNPP_Thermal_Anomalies_375m_All,OCI_PACE_True_Color(hidden),VIIRS_NOAA21_CorrectedReflectance_TrueColor(hidden),VIIRS_NOAA20_CorrectedReflectance_TrueColor(hidden),VIIRS_SNPP_CorrectedReflectance_TrueColor&lg=true&t=2024-05-11-T00%3A00%3A00Z",https://www.openstreetmap.org/?mlat=22.46694&mlon=75.24786#map=14/22.46694/75.24786,VIIRS_SNPP_SP,firms-snpp-2024-v1,pending,,,,,,,,
RV1-0309,DeepaliSingh10,development_only,420_1605,2024-03,firms-6e207242dfd9f82f7164dc7a,2024-03-29T07:53:00+00:00,21.04018,80.28902,2024-03-29T07:53:00+00:00,2024-03-29T07:53:00+00:00,7,1,3.28,5.46,"https://worldview.earthdata.nasa.gov/?v=80.24902,21.02018,80.32902,21.06018&l=Reference_Labels_15m(hidden),DoS_International_Boundaries(hidden),Coastlines_15m,VIIRS_SNPP_Thermal_Anomalies_375m_All,OCI_PACE_True_Color(hidden),VIIRS_NOAA21_CorrectedReflectance_TrueColor(hidden),VIIRS_NOAA20_CorrectedReflectance_TrueColor(hidden),VIIRS_SNPP_CorrectedReflectance_TrueColor&lg=true&t=2024-03-29-T00%3A00%3A00Z",https://www.openstreetmap.org/?mlat=21.04018&mlon=80.28902#map=14/21.04018/80.28902,VIIRS_SNPP_SP,firms-snpp-2024-v1,pending,,,,,,,,
RV1-0315,DeepaliSingh10,development_only,174_1615,2024-08,firms-5df494f86f0fa6c9ce6b5af6,2024-08-03T08:09:00+00:00,8.71814,80.75565,2024-08-03T08:09:00+00:00,2024-08-03T08:09:00+00:00,2,1,5.6850000000000005,5.94,"https://worldview.earthdata.nasa.gov/?v=80.71565,8.69814,80.79565,8.73814&l=Reference_Labels_15m(hidden),DoS_International_Boundaries(hidden),Coastlines_15m,VIIRS_SNPP_Thermal_Anomalies_375m_All,OCI_PACE_True_Color(hidden),VIIRS_NOAA21_CorrectedReflectance_TrueColor(hidden),VIIRS_NOAA20_CorrectedReflectance_TrueColor(hidden),VIIRS_SNPP_CorrectedReflectance_TrueColor&lg=true&t=2024-08-03-T00%3A00%3A00Z",https://www.openstreetmap.org/?mlat=8.71814&mlon=80.75565#map=14/8.71814/80.75565,VIIRS_SNPP_SP,firms-snpp-2024-v1,pending,,,,,,,,
RV1-0321,DeepaliSingh10,development_only,519_1371,2024-12,firms-740af057ee8fdc1e8dd139e0,2024-12-14T08:20:00+00:00,25.9875,68.57427,2024-12-14T08:20:00+00:00,2024-12-14T08:20:00+00:00,1,1,7.87,7.87,"https://worldview.earthdata.nasa.gov/?v=68.53427,25.96750,68.61427,26.00750&l=Reference_Labels_15m(hidden),DoS_International_Boundaries(hidden),Coastlines_15m,VIIRS_SNPP_Thermal_Anomalies_375m_All,OCI_PACE_True_Color(hidden),VIIRS_NOAA21_CorrectedReflectance_TrueColor(hidden),VIIRS_NOAA20_CorrectedReflectance_TrueColor(hidden),VIIRS_SNPP_CorrectedReflectance_TrueColor&lg=true&t=2024-12-14-T00%3A00%3A00Z",https://www.openstreetmap.org/?mlat=25.98750&mlon=68.57427#map=14/25.98750/68.57427,VIIRS_SNPP_SP,firms-snpp-2024-v1,pending,,,,,,,,
RV1-0327,DeepaliSingh10,development_only,376_1522,2025-04,firms-bd6a2d7dc7db842b499e236b,2025-04-05T08:18:00+00:00,18.84055,76.10218,2025-04-05T08:18:00+00:00,2025-04-05T08:18:00+00:00,2,1,10.35,11.43,"https://worldview.earthdata.nasa.gov/?v=76.06218,18.82055,76.14218,18.86055&l=Reference_Labels_15m(hidden),DoS_International_Boundaries(hidden),Coastlines_15m,VIIRS_SNPP_Thermal_Anomalies_375m_All,OCI_PACE_True_Color(hidden),VIIRS_NOAA21_CorrectedReflectance_TrueColor(hidden),VIIRS_NOAA20_CorrectedReflectance_TrueColor(hidden),VIIRS_SNPP_CorrectedReflectance_TrueColor&lg=true&t=2025-04-05-T00%3A00%3A00Z",https://www.openstreetmap.org/?mlat=18.84055&mlon=76.10218#map=14/18.84055/76.10218,VIIRS_SNPP_SP,firms-snpp-2025-v1,pending,,,,,,,,
RV1-0333,DeepaliSingh10,development_only,641_1501,2024-10,firms-219f00788eb60bb21e8ddb29,2024-10-30T09:05:00+00:00,32.09055,75.09319,2024-10-18T07:49:00+00:00,2024-10-30T09:05:00+00:00,3,2,7.62,9.39,"https://worldview.earthdata.nasa.gov/?v=75.05319,32.07055,75.13319,32.11055&l=Reference_Labels_15m(hidden),DoS_International_Boundaries(hidden),Coastlines_15m,VIIRS_SNPP_Thermal_Anomalies_375m_All,OCI_PACE_True_Color(hidden),VIIRS_NOAA21_CorrectedReflectance_TrueColor(hidden),VIIRS_NOAA20_CorrectedReflectance_TrueColor(hidden),VIIRS_SNPP_CorrectedReflectance_TrueColor&lg=true&t=2024-10-30-T00%3A00%3A00Z",https://www.openstreetmap.org/?mlat=32.09055&mlon=75.09319#map=14/32.09055/75.09319,VIIRS_SNPP_SP,firms-snpp-2024-v1,pending,,,,,,,,
RV1-0339,DeepaliSingh10,development_only,425_1607,2024-06,firms-838e7357cb0ee519071166a5,2024-06-09T07:03:00+00:00,21.29851,80.39676,2024-06-09T07:03:00+00:00,2024-06-09T07:03:00+00:00,1,1,2.72,2.72,"https://worldview.earthdata.nasa.gov/?v=80.35676,21.27851,80.43676,21.31851&l=Reference_Labels_15m(hidden),DoS_International_Boundaries(hidden),Coastlines_15m,VIIRS_SNPP_Thermal_Anomalies_375m_All,OCI_PACE_True_Color(hidden),VIIRS_NOAA21_CorrectedReflectance_TrueColor(hidden),VIIRS_NOAA20_CorrectedReflectance_TrueColor(hidden),VIIRS_SNPP_CorrectedReflectance_TrueColor&lg=true&t=2024-06-09-T00%3A00%3A00Z",https://www.openstreetmap.org/?mlat=21.29851&mlon=80.39676#map=14/21.29851/80.39676,VIIRS_SNPP_SP,firms-snpp-2024-v1,pending,,,,,,,,
RV1-0345,DeepaliSingh10,development_only,382_1580,2025-03,firms-b57c3f6d8cf26a4b5232ca65,2025-03-08T08:43:00+00:00,19.14161,79.0466,2025-03-06T07:40:00+00:00,2025-03-30T08:30:00+00:00,6,5,3.76,9.01,"https://worldview.earthdata.nasa.gov/?v=79.00660,19.12161,79.08660,19.16161&l=Reference_Labels_15m(hidden),DoS_International_Boundaries(hidden),Coastlines_15m,VIIRS_SNPP_Thermal_Anomalies_375m_All,OCI_PACE_True_Color(hidden),VIIRS_NOAA21_CorrectedReflectance_TrueColor(hidden),VIIRS_NOAA20_CorrectedReflectance_TrueColor(hidden),VIIRS_SNPP_CorrectedReflectance_TrueColor&lg=true&t=2025-03-08-T00%3A00%3A00Z",https://www.openstreetmap.org/?mlat=19.14161&mlon=79.04660#map=14/19.14161/79.04660,VIIRS_SNPP_SP,firms-snpp-2025-v1,pending,,,,,,,,
RV1-0351,DeepaliSingh10,development_only,500_1542,2024-11,firms-e713bec8e377e71a6762d81c,2024-11-19T07:47:00+00:00,25.00889,77.11703,2024-11-11T08:37:00+00:00,2024-11-19T07:47:00+00:00,2,2,3.4050000000000002,4.61,"https://worldview.earthdata.nasa.gov/?v=77.07703,24.98889,77.15703,25.02889&l=Reference_Labels_15m(hidden),DoS_International_Boundaries(hidden),Coastlines_15m,VIIRS_SNPP_Thermal_Anomalies_375m_All,OCI_PACE_True_Color(hidden),VIIRS_NOAA21_CorrectedReflectance_TrueColor(hidden),VIIRS_NOAA20_CorrectedReflectance_TrueColor(hidden),VIIRS_SNPP_CorrectedReflectance_TrueColor&lg=true&t=2024-11-19-T00%3A00%3A00Z",https://www.openstreetmap.org/?mlat=25.00889&mlon=77.11703#map=14/25.00889/77.11703,VIIRS_SNPP_SP,firms-snpp-2024-v1,pending,,,,,,,,
RV1-0357,DeepaliSingh10,development_only,560_1799,2025-01,firms-eadd5ecb17065ee1285c3eb3,2025-01-19T07:05:00+00:00,28.00948,89.99062,2025-01-19T07:05:00+00:00,2025-01-19T07:05:00+00:00,4,1,10.76,16.94,"https://worldview.earthdata.nasa.gov/?v=89.95062,27.98948,90.03062,28.02948&l=Reference_Labels_15m(hidden),DoS_International_Boundaries(hidden),Coastlines_15m,VIIRS_SNPP_Thermal_Anomalies_375m_All,OCI_PACE_True_Color(hidden),VIIRS_NOAA21_CorrectedReflectance_TrueColor(hidden),VIIRS_NOAA20_CorrectedReflectance_TrueColor(hidden),VIIRS_SNPP_CorrectedReflectance_TrueColor&lg=true&t=2025-01-19-T00%3A00%3A00Z",https://www.openstreetmap.org/?mlat=28.00948&mlon=89.99062#map=14/28.00948/89.99062,VIIRS_SNPP_SP,firms-snpp-2025-v1,pending,,,,,,,,
RV1-0363,DeepaliSingh10,development_only,438_1436,2025-04,firms-55c58a4e268ace6aaafcf49c,2025-04-28T07:48:00+00:00,21.90405,71.81797,2025-04-28T07:48:00+00:00,2025-04-28T07:48:00+00:00,2,1,3.655,4.18,"https://worldview.earthdata.nasa.gov/?v=71.77797,21.88405,71.85797,21.92405&l=Reference_Labels_15m(hidden),DoS_International_Boundaries(hidden),Coastlines_15m,VIIRS_SNPP_Thermal_Anomalies_375m_All,OCI_PACE_True_Color(hidden),VIIRS_NOAA21_CorrectedReflectance_TrueColor(hidden),VIIRS_NOAA20_CorrectedReflectance_TrueColor(hidden),VIIRS_SNPP_CorrectedReflectance_TrueColor&lg=true&t=2025-04-28-T00%3A00%3A00Z",https://www.openstreetmap.org/?mlat=21.90405&mlon=71.81797#map=14/21.90405/71.81797,VIIRS_SNPP_SP,firms-snpp-2025-v1,pending,,,,,,,,
RV1-0369,DeepaliSingh10,development_only,643_1543,2025-01,firms-65603c20da3bf45fc92a17ea,2025-01-22T07:51:00+00:00,32.18383,77.18091,2025-01-22T07:51:00+00:00,2025-01-22T07:51:00+00:00,1,1,1.69,1.69,"https://worldview.earthdata.nasa.gov/?v=77.14091,32.16383,77.22091,32.20383&l=Reference_Labels_15m(hidden),DoS_International_Boundaries(hidden),Coastlines_15m,VIIRS_SNPP_Thermal_Anomalies_375m_All,OCI_PACE_True_Color(hidden),VIIRS_NOAA21_CorrectedReflectance_TrueColor(hidden),VIIRS_NOAA20_CorrectedReflectance_TrueColor(hidden),VIIRS_SNPP_CorrectedReflectance_TrueColor&lg=true&t=2025-01-22-T00%3A00%3A00Z",https://www.openstreetmap.org/?mlat=32.18383&mlon=77.18091#map=14/32.18383/77.18091,VIIRS_SNPP_SP,firms-snpp-2025-v1,pending,,,,,,,,
RV1-0375,DeepaliSingh10,development_only,487_1503,2025-05,firms-9c9069729dbce89314ef1873,2025-05-04T07:36:00+00:00,24.3771,75.19357,2025-05-04T07:36:00+00:00,2025-05-04T07:36:00+00:00,3,1,6.8,13.48,"https://worldview.earthdata.nasa.gov/?v=75.15357,24.35710,75.23357,24.39710&l=Reference_Labels_15m(hidden),DoS_International_Boundaries(hidden),Coastlines_15m,VIIRS_SNPP_Thermal_Anomalies_375m_All,OCI_PACE_True_Color(hidden),VIIRS_NOAA21_CorrectedReflectance_TrueColor(hidden),VIIRS_NOAA20_CorrectedReflectance_TrueColor(hidden),VIIRS_SNPP_CorrectedReflectance_TrueColor&lg=true&t=2025-05-04-T00%3A00%3A00Z",https://www.openstreetmap.org/?mlat=24.37710&mlon=75.19357#map=14/24.37710/75.19357,VIIRS_SNPP_SP,firms-snpp-2025-v1,pending,,,,,,,,
RV1-0381,DeepaliSingh10,development_only,492_1675,2025-04,firms-678b5805e6ddff64d0dce47e,2025-04-01T07:54:00+00:00,24.63728,83.79533,2025-04-01T07:54:00+00:00,2025-04-06T08:00:00+00:00,3,2,6.09,6.93,"https://worldview.earthdata.nasa.gov/?v=83.75533,24.61728,83.83533,24.65728&l=Reference_Labels_15m(hidden),DoS_International_Boundaries(hidden),Coastlines_15m,VIIRS_SNPP_Thermal_Anomalies_375m_All,OCI_PACE_True_Color(hidden),VIIRS_NOAA21_CorrectedReflectance_TrueColor(hidden),VIIRS_NOAA20_CorrectedReflectance_TrueColor(hidden),VIIRS_SNPP_CorrectedReflectance_TrueColor&lg=true&t=2025-04-01-T00%3A00%3A00Z",https://www.openstreetmap.org/?mlat=24.63728&mlon=83.79533#map=14/24.63728/83.79533,VIIRS_SNPP_SP,firms-snpp-2025-v1,pending,,,,,,,,
RV1-0387,DeepaliSingh10,development_only,628_1468,2024-02,firms-36f98132849878e0bca19216,2024-02-21T07:50:00+00:00,31.44097,73.43983,2024-02-21T07:50:00+00:00,2024-02-21T07:50:00+00:00,1,1,3.5,3.5,"https://worldview.earthdata.nasa.gov/?v=73.39983,31.42097,73.47983,31.46097&l=Reference_Labels_15m(hidden),DoS_International_Boundaries(hidden),Coastlines_15m,VIIRS_SNPP_Thermal_Anomalies_375m_All,OCI_PACE_True_Color(hidden),VIIRS_NOAA21_CorrectedReflectance_TrueColor(hidden),VIIRS_NOAA20_CorrectedReflectance_TrueColor(hidden),VIIRS_SNPP_CorrectedReflectance_TrueColor&lg=true&t=2024-02-21-T00%3A00%3A00Z",https://www.openstreetmap.org/?mlat=31.44097&mlon=73.43983#map=14/31.44097/73.43983,VIIRS_SNPP_SP,firms-snpp-2024-v1,pending,,,,,,,,
RV1-0393,DeepaliSingh10,development_only,470_1500,2025-05,firms-9141a626a1866943ae7984c0,2025-05-02T20:42:00+00:00,23.54005,75.03603,2025-05-02T20:42:00+00:00,2025-05-02T20:42:00+00:00,1,1,1.64,1.64,"https://worldview.earthdata.nasa.gov/?v=74.99603,23.52005,75.07603,23.56005&l=Reference_Labels_15m(hidden),DoS_International_Boundaries(hidden),Coastlines_15m,VIIRS_SNPP_Thermal_Anomalies_375m_All,OCI_PACE_True_Color(hidden),VIIRS_NOAA21_CorrectedReflectance_TrueColor(hidden),VIIRS_NOAA20_CorrectedReflectance_TrueColor(hidden),VIIRS_SNPP_CorrectedReflectance_TrueColor&lg=true&t=2025-05-02-T00%3A00%3A00Z",https://www.openstreetmap.org/?mlat=23.54005&mlon=75.03603#map=14/23.54005/75.03603,VIIRS_SNPP_SP,firms-snpp-2025-v1,pending,,,,,,,,
RV1-0399,DeepaliSingh10,development_only,257_1596,2024-05,firms-fc09b1af0e747cfdb0e6f5ec,2024-05-05T07:58:00+00:00,12.85057,79.81549,2024-05-01T07:32:00+00:00,2024-05-05T07:58:00+00:00,2,2,12.46,19.26,"https://worldview.earthdata.nasa.gov/?v=79.77549,12.83057,79.85549,12.87057&l=Reference_Labels_15m(hidden),DoS_International_Boundaries(hidden),Coastlines_15m,VIIRS_SNPP_Thermal_Anomalies_375m_All,OCI_PACE_True_Color(hidden),VIIRS_NOAA21_CorrectedReflectance_TrueColor(hidden),VIIRS_NOAA20_CorrectedReflectance_TrueColor(hidden),VIIRS_SNPP_CorrectedReflectance_TrueColor&lg=true&t=2024-05-05-T00%3A00%3A00Z",https://www.openstreetmap.org/?mlat=12.85057&mlon=79.81549#map=14/12.85057/79.81549,VIIRS_SNPP_SP,firms-snpp-2024-v1,pending,,,,,,,,
RV1-0405,DeepaliSingh10,development_only,441_1722,2024-10,firms-09d996dff9e6d67783cadcb4,2024-10-03T07:27:00+00:00,22.09293,86.11607,2024-10-03T07:27:00+00:00,2024-10-03T07:27:00+00:00,1,1,2.18,2.18,"https://worldview.earthdata.nasa.gov/?v=86.07607,22.07293,86.15607,22.11293&l=Reference_Labels_15m(hidden),DoS_International_Boundaries(hidden),Coastlines_15m,VIIRS_SNPP_Thermal_Anomalies_375m_All,OCI_PACE_True_Color(hidden),VIIRS_NOAA21_CorrectedReflectance_TrueColor(hidden),VIIRS_NOAA20_CorrectedReflectance_TrueColor(hidden),VIIRS_SNPP_CorrectedReflectance_TrueColor&lg=true&t=2024-10-03-T00%3A00%3A00Z",https://www.openstreetmap.org/?mlat=22.09293&mlon=86.11607#map=14/22.09293/86.11607,VIIRS_SNPP_SP,firms-snpp-2024-v1,pending,,,,,,,,
RV1-0411,DeepaliSingh10,development_only,481_1489,2024-05,firms-e02901e4139da2f011ddc8f9,2024-05-29T08:51:00+00:00,24.05772,74.48586,2024-05-29T08:51:00+00:00,2024-05-29T08:51:00+00:00,1,1,3.17,3.17,"https://worldview.earthdata.nasa.gov/?v=74.44586,24.03772,74.52586,24.07772&l=Reference_Labels_15m(hidden),DoS_International_Boundaries(hidden),Coastlines_15m,VIIRS_SNPP_Thermal_Anomalies_375m_All,OCI_PACE_True_Color(hidden),VIIRS_NOAA21_CorrectedReflectance_TrueColor(hidden),VIIRS_NOAA20_CorrectedReflectance_TrueColor(hidden),VIIRS_SNPP_CorrectedReflectance_TrueColor&lg=true&t=2024-05-29-T00%3A00%3A00Z",https://www.openstreetmap.org/?mlat=24.05772&mlon=74.48586#map=14/24.05772/74.48586,VIIRS_SNPP_SP,firms-snpp-2024-v1,pending,,,,,,,,
RV1-0417,DeepaliSingh10,development_only,587_1433,2025-05,firms-a06228a3ab1b1adae86cec57,2025-05-07T08:22:00+00:00,29.35487,71.68024,2025-05-07T08:22:00+00:00,2025-05-07T08:22:00+00:00,1,1,4.23,4.23,"https://worldview.earthdata.nasa.gov/?v=71.64024,29.33487,71.72024,29.37487&l=Reference_Labels_15m(hidden),DoS_International_Boundaries(hidden),Coastlines_15m,VIIRS_SNPP_Thermal_Anomalies_375m_All,OCI_PACE_True_Color(hidden),VIIRS_NOAA21_CorrectedReflectance_TrueColor(hidden),VIIRS_NOAA20_CorrectedReflectance_TrueColor(hidden),VIIRS_SNPP_CorrectedReflectance_TrueColor&lg=true&t=2025-05-07-T00%3A00%3A00Z",https://www.openstreetmap.org/?mlat=29.35487&mlon=71.68024#map=14/29.35487/71.68024,VIIRS_SNPP_SP,firms-snpp-2025-v1,pending,,,,,,,,
RV1-0423,DeepaliSingh10,development_only,530_1628,2024-05,firms-2d78ab56a4d4a859ec625abe,2024-05-03T06:59:00+00:00,26.5437,81.44937,2024-05-03T06:59:00+00:00,2024-05-03T06:59:00+00:00,1,1,14.37,14.37,"https://worldview.earthdata.nasa.gov/?v=81.40937,26.52370,81.48937,26.56370&l=Reference_Labels_15m(hidden),DoS_International_Boundaries(hidden),Coastlines_15m,VIIRS_SNPP_Thermal_Anomalies_375m_All,OCI_PACE_True_Color(hidden),VIIRS_NOAA21_CorrectedReflectance_TrueColor(hidden),VIIRS_NOAA20_CorrectedReflectance_TrueColor(hidden),VIIRS_SNPP_CorrectedReflectance_TrueColor&lg=true&t=2024-05-03-T00%3A00%3A00Z",https://www.openstreetmap.org/?mlat=26.54370&mlon=81.44937#map=14/26.54370/81.44937,VIIRS_SNPP_SP,firms-snpp-2024-v1,pending,,,,,,,,
RV1-0429,DeepaliSingh10,development_only,468_1510,2025-04,firms-4af98b84a658737bcec3b766,2025-04-05T20:47:00+00:00,23.45,75.50025,2025-04-05T20:47:00+00:00,2025-04-05T20:47:00+00:00,1,1,0.42,0.42,"https://worldview.earthdata.nasa.gov/?v=75.46025,23.43000,75.54025,23.47000&l=Reference_Labels_15m(hidden),DoS_International_Boundaries(hidden),Coastlines_15m,VIIRS_SNPP_Thermal_Anomalies_375m_All,OCI_PACE_True_Color(hidden),VIIRS_NOAA21_CorrectedReflectance_TrueColor(hidden),VIIRS_NOAA20_CorrectedReflectance_TrueColor(hidden),VIIRS_SNPP_CorrectedReflectance_TrueColor&lg=true&t=2025-04-05-T00%3A00%3A00Z",https://www.openstreetmap.org/?mlat=23.45000&mlon=75.50025#map=14/23.45000/75.50025,VIIRS_SNPP_SP,firms-snpp-2025-v1,pending,,,,,,,,
RV1-0435,DeepaliSingh10,development_only,255_1550,2024-03,firms-43bf4a1915c257066aa368f8,2024-03-27T08:29:00+00:00,12.7578,77.51369,2024-03-17T08:16:00+00:00,2024-03-27T08:29:00+00:00,2,2,10.375,15.16,"https://worldview.earthdata.nasa.gov/?v=77.47369,12.73780,77.55369,12.77780&l=Reference_Labels_15m(hidden),DoS_International_Boundaries(hidden),Coastlines_15m,VIIRS_SNPP_Thermal_Anomalies_375m_All,OCI_PACE_True_Color(hidden),VIIRS_NOAA21_CorrectedReflectance_TrueColor(hidden),VIIRS_NOAA20_CorrectedReflectance_TrueColor(hidden),VIIRS_SNPP_CorrectedReflectance_TrueColor&lg=true&t=2024-03-27-T00%3A00%3A00Z",https://www.openstreetmap.org/?mlat=12.75780&mlon=77.51369#map=14/12.75780/77.51369,VIIRS_SNPP_SP,firms-snpp-2024-v1,pending,,,,,,,,
RV1-0441,DeepaliSingh10,development_only,429_1640,2024-02,firms-302a539c4c716fbef92d2295,2024-02-21T07:47:00+00:00,21.46815,82.03861,2024-02-04T08:06:00+00:00,2024-02-21T07:47:00+00:00,5,3,3.51,4.31,"https://worldview.earthdata.nasa.gov/?v=81.99861,21.44815,82.07861,21.48815&l=Reference_Labels_15m(hidden),DoS_International_Boundaries(hidden),Coastlines_15m,VIIRS_SNPP_Thermal_Anomalies_375m_All,OCI_PACE_True_Color(hidden),VIIRS_NOAA21_CorrectedReflectance_TrueColor(hidden),VIIRS_NOAA20_CorrectedReflectance_TrueColor(hidden),VIIRS_SNPP_CorrectedReflectance_TrueColor&lg=true&t=2024-02-21-T00%3A00%3A00Z",https://www.openstreetmap.org/?mlat=21.46815&mlon=82.03861#map=14/21.46815/82.03861,VIIRS_SNPP_SP,firms-snpp-2024-v1,pending,,,,,,,,
RV1-0447,DeepaliSingh10,development_only,393_1640,2025-02,firms-589abbb4a93f2a1b46f4d28f,2025-02-17T08:00:00+00:00,19.68267,82.03133,2025-02-09T07:09:00+00:00,2025-02-28T20:23:00+00:00,6,5,2.645,8.5,"https://worldview.earthdata.nasa.gov/?v=81.99133,19.66267,82.07133,19.70267&l=Reference_Labels_15m(hidden),DoS_International_Boundaries(hidden),Coastlines_15m,VIIRS_SNPP_Thermal_Anomalies_375m_All,OCI_PACE_True_Color(hidden),VIIRS_NOAA21_CorrectedReflectance_TrueColor(hidden),VIIRS_NOAA20_CorrectedReflectance_TrueColor(hidden),VIIRS_SNPP_CorrectedReflectance_TrueColor&lg=true&t=2025-02-17-T00%3A00%3A00Z",https://www.openstreetmap.org/?mlat=19.68267&mlon=82.03133#map=14/19.68267/82.03133,VIIRS_SNPP_SP,firms-snpp-2025-v1,pending,,,,,,,,
RV1-0453,DeepaliSingh10,development_only,222_1541,2025-02,firms-920ae92ba6b3d69403776474,2025-02-25T08:48:00+00:00,11.13343,77.05677,2025-02-25T08:48:00+00:00,2025-02-25T08:48:00+00:00,1,1,2.11,2.11,"https://worldview.earthdata.nasa.gov/?v=77.01677,11.11343,77.09677,11.15343&l=Reference_Labels_15m(hidden),DoS_International_Boundaries(hidden),Coastlines_15m,VIIRS_SNPP_Thermal_Anomalies_375m_All,OCI_PACE_True_Color(hidden),VIIRS_NOAA21_CorrectedReflectance_TrueColor(hidden),VIIRS_NOAA20_CorrectedReflectance_TrueColor(hidden),VIIRS_SNPP_CorrectedReflectance_TrueColor&lg=true&t=2025-02-25-T00%3A00%3A00Z",https://www.openstreetmap.org/?mlat=11.13343&mlon=77.05677#map=14/11.13343/77.05677,VIIRS_SNPP_SP,firms-snpp-2025-v1,pending,,,,,,,,
RV1-0459,DeepaliSingh10,development_only,483_1532,2024-03,firms-414a3ee9175b4b9c769c7e6b,2024-03-17T08:19:00+00:00,24.18253,76.63897,2024-03-17T08:19:00+00:00,2024-03-17T08:19:00+00:00,1,1,5.92,5.92,"https://worldview.earthdata.nasa.gov/?v=76.59897,24.16253,76.67897,24.20253&l=Reference_Labels_15m(hidden),DoS_International_Boundaries(hidden),Coastlines_15m,VIIRS_SNPP_Thermal_Anomalies_375m_All,OCI_PACE_True_Color(hidden),VIIRS_NOAA21_CorrectedReflectance_TrueColor(hidden),VIIRS_NOAA20_CorrectedReflectance_TrueColor(hidden),VIIRS_SNPP_CorrectedReflectance_TrueColor&lg=true&t=2024-03-17-T00%3A00%3A00Z",https://www.openstreetmap.org/?mlat=24.18253&mlon=76.63897#map=14/24.18253/76.63897,VIIRS_SNPP_SP,firms-snpp-2024-v1,pending,,,,,,,,
RV1-0465,DeepaliSingh10,development_only,478_1557,2024-05,firms-115ab2e7c71f8858fb13dbf4,2024-05-02T19:44:00+00:00,23.91514,77.89819,2024-05-02T19:44:00+00:00,2024-05-02T19:44:00+00:00,1,1,0.47,0.47,"https://worldview.earthdata.nasa.gov/?v=77.85819,23.89514,77.93819,23.93514&l=Reference_Labels_15m(hidden),DoS_International_Boundaries(hidden),Coastlines_15m,VIIRS_SNPP_Thermal_Anomalies_375m_All,OCI_PACE_True_Color(hidden),VIIRS_NOAA21_CorrectedReflectance_TrueColor(hidden),VIIRS_NOAA20_CorrectedReflectance_TrueColor(hidden),VIIRS_SNPP_CorrectedReflectance_TrueColor&lg=true&t=2024-05-02-T00%3A00%3A00Z",https://www.openstreetmap.org/?mlat=23.91514&mlon=77.89819#map=14/23.91514/77.89819,VIIRS_SNPP_SP,firms-snpp-2024-v1,pending,,,,,,,,
RV1-0471,DeepaliSingh10,development_only,610_1400,2025-03,firms-330e196260540db33b5f292d,2025-03-08T21:11:00+00:00,30.5422,70.0443,2025-03-08T21:11:00+00:00,2025-03-08T21:11:00+00:00,5,1,0.72,3.0,"https://worldview.earthdata.nasa.gov/?v=70.00430,30.52220,70.08430,30.56220&l=Reference_Labels_15m(hidden),DoS_International_Boundaries(hidden),Coastlines_15m,VIIRS_SNPP_Thermal_Anomalies_375m_All,OCI_PACE_True_Color(hidden),VIIRS_NOAA21_CorrectedReflectance_TrueColor(hidden),VIIRS_NOAA20_CorrectedReflectance_TrueColor(hidden),VIIRS_SNPP_CorrectedReflectance_TrueColor&lg=true&t=2025-03-08-T00%3A00%3A00Z",https://www.openstreetmap.org/?mlat=30.54220&mlon=70.04430#map=14/30.54220/70.04430,VIIRS_SNPP_SP,firms-snpp-2025-v1,pending,,,,,,,,
RV1-0477,DeepaliSingh10,development_only,351_1922,2025-04,firms-955703a5d2fc75e3b019db8b,2025-04-04T06:55:00+00:00,17.59495,96.13953,2025-04-04T06:55:00+00:00,2025-04-04T06:55:00+00:00,2,1,2.685,3.44,"https://worldview.earthdata.nasa.gov/?v=96.09953,17.57495,96.17953,17.61495&l=Reference_Labels_15m(hidden),DoS_International_Boundaries(hidden),Coastlines_15m,VIIRS_SNPP_Thermal_Anomalies_375m_All,OCI_PACE_True_Color(hidden),VIIRS_NOAA21_CorrectedReflectance_TrueColor(hidden),VIIRS_NOAA20_CorrectedReflectance_TrueColor(hidden),VIIRS_SNPP_CorrectedReflectance_TrueColor&lg=true&t=2025-04-04-T00%3A00%3A00Z",https://www.openstreetmap.org/?mlat=17.59495&mlon=96.13953#map=14/17.59495/96.13953,VIIRS_SNPP_SP,firms-snpp-2025-v1,pending,,,,,,,,
RV1-0483,DeepaliSingh10,development_only,461_1430,2025-04,firms-ec09a8fb1f310a4fbca081a8,2025-04-06T08:01:00+00:00,23.09605,71.50949,2025-04-06T08:01:00+00:00,2025-04-06T08:01:00+00:00,1,1,3.54,3.54,"https://worldview.earthdata.nasa.gov/?v=71.46949,23.07605,71.54949,23.11605&l=Reference_Labels_15m(hidden),DoS_International_Boundaries(hidden),Coastlines_15m,VIIRS_SNPP_Thermal_Anomalies_375m_All,OCI_PACE_True_Color(hidden),VIIRS_NOAA21_CorrectedReflectance_TrueColor(hidden),VIIRS_NOAA20_CorrectedReflectance_TrueColor(hidden),VIIRS_SNPP_CorrectedReflectance_TrueColor&lg=true&t=2025-04-06-T00%3A00%3A00Z",https://www.openstreetmap.org/?mlat=23.09605&mlon=71.50949#map=14/23.09605/71.50949,VIIRS_SNPP_SP,firms-snpp-2025-v1,pending,,,,,,,,
RV1-0489,DeepaliSingh10,development_only,318_1496,2024-01,firms-656896d4d64549b5598f03bf,2024-01-07T08:30:00+00:00,15.94253,74.84844,2024-01-07T08:30:00+00:00,2024-01-07T08:30:00+00:00,1,1,4.66,4.66,"https://worldview.earthdata.nasa.gov/?v=74.80844,15.92253,74.88844,15.96253&l=Reference_Labels_15m(hidden),DoS_International_Boundaries(hidden),Coastlines_15m,VIIRS_SNPP_Thermal_Anomalies_375m_All,OCI_PACE_True_Color(hidden),VIIRS_NOAA21_CorrectedReflectance_TrueColor(hidden),VIIRS_NOAA20_CorrectedReflectance_TrueColor(hidden),VIIRS_SNPP_CorrectedReflectance_TrueColor&lg=true&t=2024-01-07-T00%3A00%3A00Z",https://www.openstreetmap.org/?mlat=15.94253&mlon=74.84844#map=14/15.94253/74.84844,VIIRS_SNPP_SP,firms-snpp-2024-v1,pending,,,,,,,,
RV1-0495,DeepaliSingh10,development_only,361_1555,2025-03,firms-90c59a3ee079e34a93f3d147,2025-03-06T07:40:00+00:00,18.06799,77.78631,2025-03-05T07:59:00+00:00,2025-03-06T07:40:00+00:00,2,2,5.955,9.04,"https://worldview.earthdata.nasa.gov/?v=77.74631,18.04799,77.82631,18.08799&l=Reference_Labels_15m(hidden),DoS_International_Boundaries(hidden),Coastlines_15m,VIIRS_SNPP_Thermal_Anomalies_375m_All,OCI_PACE_True_Color(hidden),VIIRS_NOAA21_CorrectedReflectance_TrueColor(hidden),VIIRS_NOAA20_CorrectedReflectance_TrueColor(hidden),VIIRS_SNPP_CorrectedReflectance_TrueColor&lg=true&t=2025-03-06-T00%3A00%3A00Z",https://www.openstreetmap.org/?mlat=18.06799&mlon=77.78631#map=14/18.06799/77.78631,VIIRS_SNPP_SP,firms-snpp-2025-v1,pending,,,,,,,,
RV1-0501,DeepaliSingh10,development_only,356_1912,2024-03,firms-1bd3b62e8cc351866ce83873,2024-03-11T06:49:00+00:00,17.83664,95.64949,2024-03-03T07:39:00+00:00,2024-03-28T06:30:00+00:00,11,6,3.82,14.94,"https://worldview.earthdata.nasa.gov/?v=95.60949,17.81664,95.68949,17.85664&l=Reference_Labels_15m(hidden),DoS_International_Boundaries(hidden),Coastlines_15m,VIIRS_SNPP_Thermal_Anomalies_375m_All,OCI_PACE_True_Color(hidden),VIIRS_NOAA21_CorrectedReflectance_TrueColor(hidden),VIIRS_NOAA20_CorrectedReflectance_TrueColor(hidden),VIIRS_SNPP_CorrectedReflectance_TrueColor&lg=true&t=2024-03-11-T00%3A00%3A00Z",https://www.openstreetmap.org/?mlat=17.83664&mlon=95.64949#map=14/17.83664/95.64949,VIIRS_SNPP_SP,firms-snpp-2024-v1,pending,,,,,,,,
RV1-0507,DeepaliSingh10,development_only,577_1532,2025-05,firms-62ec63438bd140e0d6a0908b,2025-05-08T08:03:00+00:00,28.85036,76.61756,2025-05-01T08:34:00+00:00,2025-05-08T08:03:00+00:00,5,3,3.91,4.66,"https://worldview.earthdata.nasa.gov/?v=76.57756,28.83036,76.65756,28.87036&l=Reference_Labels_15m(hidden),DoS_International_Boundaries(hidden),Coastlines_15m,VIIRS_SNPP_Thermal_Anomalies_375m_All,OCI_PACE_True_Color(hidden),VIIRS_NOAA21_CorrectedReflectance_TrueColor(hidden),VIIRS_NOAA20_CorrectedReflectance_TrueColor(hidden),VIIRS_SNPP_CorrectedReflectance_TrueColor&lg=true&t=2025-05-08-T00%3A00%3A00Z",https://www.openstreetmap.org/?mlat=28.85036&mlon=76.61756#map=14/28.85036/76.61756,VIIRS_SNPP_SP,firms-snpp-2025-v1,pending,,,,,,,,
RV1-0513,DeepaliSingh10,development_only,380_1551,2024-12,firms-9efb158eb39b0b3b72220eee,2024-12-19T08:24:00+00:00,19.02975,77.55765,2024-12-19T08:24:00+00:00,2024-12-19T08:24:00+00:00,1,1,2.25,2.25,"https://worldview.earthdata.nasa.gov/?v=77.51765,19.00975,77.59765,19.04975&l=Reference_Labels_15m(hidden),DoS_International_Boundaries(hidden),Coastlines_15m,VIIRS_SNPP_Thermal_Anomalies_375m_All,OCI_PACE_True_Color(hidden),VIIRS_NOAA21_CorrectedReflectance_TrueColor(hidden),VIIRS_NOAA20_CorrectedReflectance_TrueColor(hidden),VIIRS_SNPP_CorrectedReflectance_TrueColor&lg=true&t=2024-12-19-T00%3A00%3A00Z",https://www.openstreetmap.org/?mlat=19.02975&mlon=77.55765#map=14/19.02975/77.55765,VIIRS_SNPP_SP,firms-snpp-2024-v1,pending,,,,,,,,
RV1-0519,DeepaliSingh10,development_only,399_1951,2024-03,firms-594a6819593598d7db44e953,2024-03-09T19:57:00+00:00,19.97941,97.56033,2024-03-02T06:18:00+00:00,2024-03-15T07:15:00+00:00,30,7,2.7,60.07,"https://worldview.earthdata.nasa.gov/?v=97.52033,19.95941,97.60033,19.99941&l=Reference_Labels_15m(hidden),DoS_International_Boundaries(hidden),Coastlines_15m,VIIRS_SNPP_Thermal_Anomalies_375m_All,OCI_PACE_True_Color(hidden),VIIRS_NOAA21_CorrectedReflectance_TrueColor(hidden),VIIRS_NOAA20_CorrectedReflectance_TrueColor(hidden),VIIRS_SNPP_CorrectedReflectance_TrueColor&lg=true&t=2024-03-09-T00%3A00%3A00Z",https://www.openstreetmap.org/?mlat=19.97941&mlon=97.56033#map=14/19.97941/97.56033,VIIRS_SNPP_SP,firms-snpp-2024-v1,pending,,,,,,,,
RV1-0525,DeepaliSingh10,development_only,530_1367,2025-04,firms-3b25a9bc62fe31cde3ea7aa4,2025-04-02T07:37:00+00:00,26.52213,68.36189,2025-04-02T07:37:00+00:00,2025-04-02T07:37:00+00:00,1,1,4.81,4.81,"https://worldview.earthdata.nasa.gov/?v=68.32189,26.50213,68.40189,26.54213&l=Reference_Labels_15m(hidden),DoS_International_Boundaries(hidden),Coastlines_15m,VIIRS_SNPP_Thermal_Anomalies_375m_All,OCI_PACE_True_Color(hidden),VIIRS_NOAA21_CorrectedReflectance_TrueColor(hidden),VIIRS_NOAA20_CorrectedReflectance_TrueColor(hidden),VIIRS_SNPP_CorrectedReflectance_TrueColor&lg=true&t=2025-04-02-T00%3A00%3A00Z",https://www.openstreetmap.org/?mlat=26.52213&mlon=68.36189#map=14/26.52213/68.36189,VIIRS_SNPP_SP,firms-snpp-2025-v1,pending,,,,,,,,
RV1-0531,DeepaliSingh10,development_only,359_1485,2025-01,firms-e82e7cb82b44ce4e2c6322a1,2025-01-10T08:12:00+00:00,17.95453,74.26488,2025-01-10T08:12:00+00:00,2025-01-10T08:12:00+00:00,2,1,3.23,3.23,"https://worldview.earthdata.nasa.gov/?v=74.22488,17.93453,74.30488,17.97453&l=Reference_Labels_15m(hidden),DoS_International_Boundaries(hidden),Coastlines_15m,VIIRS_SNPP_Thermal_Anomalies_375m_All,OCI_PACE_True_Color(hidden),VIIRS_NOAA21_CorrectedReflectance_TrueColor(hidden),VIIRS_NOAA20_CorrectedReflectance_TrueColor(hidden),VIIRS_SNPP_CorrectedReflectance_TrueColor&lg=true&t=2025-01-10-T00%3A00%3A00Z",https://www.openstreetmap.org/?mlat=17.95453&mlon=74.26488#map=14/17.95453/74.26488,VIIRS_SNPP_SP,firms-snpp-2025-v1,pending,,,,,,,,
RV1-0537,DeepaliSingh10,development_only,423_1547,2024-01,firms-4a9e79f6b3a168f49daf5b08,2024-01-20T07:47:00+00:00,21.18245,77.37202,2024-01-20T07:47:00+00:00,2024-01-20T07:47:00+00:00,1,1,3.27,3.27,"https://worldview.earthdata.nasa.gov/?v=77.33202,21.16245,77.41202,21.20245&l=Reference_Labels_15m(hidden),DoS_International_Boundaries(hidden),Coastlines_15m,VIIRS_SNPP_Thermal_Anomalies_375m_All,OCI_PACE_True_Color(hidden),VIIRS_NOAA21_CorrectedReflectance_TrueColor(hidden),VIIRS_NOAA20_CorrectedReflectance_TrueColor(hidden),VIIRS_SNPP_CorrectedReflectance_TrueColor&lg=true&t=2024-01-20-T00%3A00%3A00Z",https://www.openstreetmap.org/?mlat=21.18245&mlon=77.37202#map=14/21.18245/77.37202,VIIRS_SNPP_SP,firms-snpp-2024-v1,pending,,,,,,,,
RV1-0543,DeepaliSingh10,development_only,480_1940,2025-03,firms-2af2ff285e0a5baca9b5a345,2025-03-25T19:12:00+00:00,24.03498,97.01205,2025-03-25T06:44:00+00:00,2025-03-29T07:09:00+00:00,4,2,3.7750000000000004,4.63,"https://worldview.earthdata.nasa.gov/?v=96.97205,24.01498,97.05205,24.05498&l=Reference_Labels_15m(hidden),DoS_International_Boundaries(hidden),Coastlines_15m,VIIRS_SNPP_Thermal_Anomalies_375m_All,OCI_PACE_True_Color(hidden),VIIRS_NOAA21_CorrectedReflectance_TrueColor(hidden),VIIRS_NOAA20_CorrectedReflectance_TrueColor(hidden),VIIRS_SNPP_CorrectedReflectance_TrueColor&lg=true&t=2025-03-25-T00%3A00%3A00Z",https://www.openstreetmap.org/?mlat=24.03498&mlon=97.01205#map=14/24.03498/97.01205,VIIRS_SNPP_SP,firms-snpp-2025-v1,pending,,,,,,,,
RV1-0549,DeepaliSingh10,development_only,447_1472,2025-03,firms-39f24ad0ab66a82d47f75343,2025-03-30T08:31:00+00:00,22.38972,73.64145,2025-03-24T08:44:00+00:00,2025-03-31T20:41:00+00:00,15,4,4.59,17.79,"https://worldview.earthdata.nasa.gov/?v=73.60145,22.36972,73.68145,22.40972&l=Reference_Labels_15m(hidden),DoS_International_Boundaries(hidden),Coastlines_15m,VIIRS_SNPP_Thermal_Anomalies_375m_All,OCI_PACE_True_Color(hidden),VIIRS_NOAA21_CorrectedReflectance_TrueColor(hidden),VIIRS_NOAA20_CorrectedReflectance_TrueColor(hidden),VIIRS_SNPP_CorrectedReflectance_TrueColor&lg=true&t=2025-03-30-T00%3A00%3A00Z",https://www.openstreetmap.org/?mlat=22.38972&mlon=73.64145#map=14/22.38972/73.64145,VIIRS_SNPP_SP,firms-snpp-2025-v1,pending,,,,,,,,
RV1-0555,DeepaliSingh10,development_only,430_1702,2024-04,firms-61256644c4075fd319e77a62,2024-04-26T19:57:00+00:00,21.54094,85.14312,2024-04-21T07:22:00+00:00,2024-04-27T07:10:00+00:00,3,3,2.15,6.06,"https://worldview.earthdata.nasa.gov/?v=85.10312,21.52094,85.18312,21.56094&l=Reference_Labels_15m(hidden),DoS_International_Boundaries(hidden),Coastlines_15m,VIIRS_SNPP_Thermal_Anomalies_375m_All,OCI_PACE_True_Color(hidden),VIIRS_NOAA21_CorrectedReflectance_TrueColor(hidden),VIIRS_NOAA20_CorrectedReflectance_TrueColor(hidden),VIIRS_SNPP_CorrectedReflectance_TrueColor&lg=true&t=2024-04-26-T00%3A00%3A00Z",https://www.openstreetmap.org/?mlat=21.54094&mlon=85.14312#map=14/21.54094/85.14312,VIIRS_SNPP_SP,firms-snpp-2024-v1,pending,,,,,,,,
RV1-0561,DeepaliSingh10,development_only,529_1501,2024-04,firms-3b3bda25bf62cd6d274edcd0,2024-04-16T07:18:00+00:00,26.48691,75.08571,2024-04-06T08:45:00+00:00,2024-04-16T07:18:00+00:00,2,2,2.575,3.31,"https://worldview.earthdata.nasa.gov/?v=75.04571,26.46691,75.12571,26.50691&l=Reference_Labels_15m(hidden),DoS_International_Boundaries(hidden),Coastlines_15m,VIIRS_SNPP_Thermal_Anomalies_375m_All,OCI_PACE_True_Color(hidden),VIIRS_NOAA21_CorrectedReflectance_TrueColor(hidden),VIIRS_NOAA20_CorrectedReflectance_TrueColor(hidden),VIIRS_SNPP_CorrectedReflectance_TrueColor&lg=true&t=2024-04-16-T00%3A00%3A00Z",https://www.openstreetmap.org/?mlat=26.48691&mlon=75.08571#map=14/26.48691/75.08571,VIIRS_SNPP_SP,firms-snpp-2024-v1,pending,,,,,,,,
RV1-0567,DeepaliSingh10,development_only,459_1400,2024-02,firms-a3c11a3188ea2567f23ecc72,2024-02-18T08:44:00+00:00,22.95553,70.03855,2024-02-18T08:44:00+00:00,2024-02-18T08:44:00+00:00,2,1,3.6750000000000003,5.11,"https://worldview.earthdata.nasa.gov/?v=69.99855,22.93553,70.07855,22.97553&l=Reference_Labels_15m(hidden),DoS_International_Boundaries(hidden),Coastlines_15m,VIIRS_SNPP_Thermal_Anomalies_375m_All,OCI_PACE_True_Color(hidden),VIIRS_NOAA21_CorrectedReflectance_TrueColor(hidden),VIIRS_NOAA20_CorrectedReflectance_TrueColor(hidden),VIIRS_SNPP_CorrectedReflectance_TrueColor&lg=true&t=2024-02-18-T00%3A00%3A00Z",https://www.openstreetmap.org/?mlat=22.95553&mlon=70.03855#map=14/22.95553/70.03855,VIIRS_SNPP_SP,firms-snpp-2024-v1,pending,,,,,,,,
RV1-0573,DeepaliSingh10,development_only,469_1548,2024-04,firms-61f464e4444f0618afe3ccaa,2024-04-20T07:42:00+00:00,23.49685,77.42816,2024-04-20T07:42:00+00:00,2024-04-20T07:42:00+00:00,3,1,3.82,4.14,"https://worldview.earthdata.nasa.gov/?v=77.38816,23.47685,77.46816,23.51685&l=Reference_Labels_15m(hidden),DoS_International_Boundaries(hidden),Coastlines_15m,VIIRS_SNPP_Thermal_Anomalies_375m_All,OCI_PACE_True_Color(hidden),VIIRS_NOAA21_CorrectedReflectance_TrueColor(hidden),VIIRS_NOAA20_CorrectedReflectance_TrueColor(hidden),VIIRS_SNPP_CorrectedReflectance_TrueColor&lg=true&t=2024-04-20-T00%3A00%3A00Z",https://www.openstreetmap.org/?mlat=23.49685&mlon=77.42816#map=14/23.49685/77.42816,VIIRS_SNPP_SP,firms-snpp-2024-v1,pending,,,,,,,,
RV1-0579,DeepaliSingh10,development_only,382_1550,2024-01,firms-bd9b2264fc38e35e2b5406ed,2024-01-19T08:06:00+00:00,19.11522,77.53306,2024-01-06T08:49:00+00:00,2024-01-19T08:06:00+00:00,2,2,5.12,7.25,"https://worldview.earthdata.nasa.gov/?v=77.49306,19.09522,77.57306,19.13522&l=Reference_Labels_15m(hidden),DoS_International_Boundaries(hidden),Coastlines_15m,VIIRS_SNPP_Thermal_Anomalies_375m_All,OCI_PACE_True_Color(hidden),VIIRS_NOAA21_CorrectedReflectance_TrueColor(hidden),VIIRS_NOAA20_CorrectedReflectance_TrueColor(hidden),VIIRS_SNPP_CorrectedReflectance_TrueColor&lg=true&t=2024-01-19-T00%3A00%3A00Z",https://www.openstreetmap.org/?mlat=19.11522&mlon=77.53306#map=14/19.11522/77.53306,VIIRS_SNPP_SP,firms-snpp-2024-v1,pending,,,,,,,,
RV1-0585,DeepaliSingh10,development_only,372_1668,2025-03,firms-a80d91361855cd04e2466693,2025-03-31T08:11:00+00:00,18.63297,83.40644,2025-03-31T08:11:00+00:00,2025-03-31T08:11:00+00:00,2,1,3.7399999999999998,4.35,"https://worldview.earthdata.nasa.gov/?v=83.36644,18.61297,83.44644,18.65297&l=Reference_Labels_15m(hidden),DoS_International_Boundaries(hidden),Coastlines_15m,VIIRS_SNPP_Thermal_Anomalies_375m_All,OCI_PACE_True_Color(hidden),VIIRS_NOAA21_CorrectedReflectance_TrueColor(hidden),VIIRS_NOAA20_CorrectedReflectance_TrueColor(hidden),VIIRS_SNPP_CorrectedReflectance_TrueColor&lg=true&t=2025-03-31-T00%3A00%3A00Z",https://www.openstreetmap.org/?mlat=18.63297&mlon=83.40644#map=14/18.63297/83.40644,VIIRS_SNPP_SP,firms-snpp-2025-v1,pending,,,,,,,,
RV1-0591,DeepaliSingh10,development_only,449_1464,2024-06,firms-88701658fe82d8a457d96639,2024-06-13T07:28:00+00:00,22.4953,73.24672,2024-06-13T07:28:00+00:00,2024-06-13T07:28:00+00:00,3,1,2.25,5.54,"https://worldview.earthdata.nasa.gov/?v=73.20672,22.47530,73.28672,22.51530&l=Reference_Labels_15m(hidden),DoS_International_Boundaries(hidden),Coastlines_15m,VIIRS_SNPP_Thermal_Anomalies_375m_All,OCI_PACE_True_Color(hidden),VIIRS_NOAA21_CorrectedReflectance_TrueColor(hidden),VIIRS_NOAA20_CorrectedReflectance_TrueColor(hidden),VIIRS_SNPP_CorrectedReflectance_TrueColor&lg=true&t=2024-06-13-T00%3A00%3A00Z",https://www.openstreetmap.org/?mlat=22.49530&mlon=73.24672#map=14/22.49530/73.24672,VIIRS_SNPP_SP,firms-snpp-2024-v1,pending,,,,,,,,
RV1-0597,DeepaliSingh10,development_only,504_1917,2024-04,firms-f01f5c7ec97030a77d736236,2024-04-25T06:07:00+00:00,25.24665,95.89664,2024-04-04T06:01:00+00:00,2024-04-25T06:07:00+00:00,2,2,4.435,5.31,"https://worldview.earthdata.nasa.gov/?v=95.85664,25.22665,95.93664,25.26665&l=Reference_Labels_15m(hidden),DoS_International_Boundaries(hidden),Coastlines_15m,VIIRS_SNPP_Thermal_Anomalies_375m_All,OCI_PACE_True_Color(hidden),VIIRS_NOAA21_CorrectedReflectance_TrueColor(hidden),VIIRS_NOAA20_CorrectedReflectance_TrueColor(hidden),VIIRS_SNPP_CorrectedReflectance_TrueColor&lg=true&t=2024-04-25-T00%3A00%3A00Z",https://www.openstreetmap.org/?mlat=25.24665&mlon=95.89664#map=14/25.24665/95.89664,VIIRS_SNPP_SP,firms-snpp-2024-v1,pending,,,,,,,,
